"player_id","Name","Team","LiveScore","LiveTog","Playing","season_num","RoundID","score_column","PlayerIcon","MatchStatus","Kick","Handball","Marks","Tackles","Hitouts","FreeFor","FreeAgainst","Goals","Behinds","TimeOnGround"
"CD_I1014599","Caitlin Gould","ADL",0,0,0,9,1,"LAST",0,1,0,0,0,0,0,0,0,0,0,0
"CD_I1014599","Caitlin Gould","ADL",70,95,1,9,2,"LIVE",0,1,11,2,6,3,6,1,2,0,2,95
"CD_I1005258","Eloise Jones","ADL",54,94,0,9,1,"LAST",0,1,4,0,0,8,0,1,1,2,0,94
"CD_I1005258","Eloise Jones","ADL",35,81,1,9,2,"LIVE",0,1,6,3,1,2,0,1,1,0,2,81
"CD_I1022224","Brooke Boileau","ADL",41,55,0,9,1,"LAST",0,1,5,1,1,5,0,0,0,0,1,55
"CD_I1022224","Brooke Boileau","ADL",41,63,1,9,2,"LIVE",0,1,4,3,2,4,0,0,0,0,1,63
"CD_I1014663","Zoe Prowse","ADL",50,93,0,9,1,"LAST",0,1,11,2,2,2,0,1,1,0,1,93
"CD_I1014663","Zoe Prowse","ADL",37,88,1,9,2,"LIVE",0,1,5,3,4,1,0,0,0,0,0,88
"CD_I1011091","Rachelle Martin","ADL",23,59,0,9,1,"LAST",0,1,2,2,1,3,0,1,1,0,0,59
"CD_I1011091","Rachelle Martin","ADL",37,62,1,9,2,"LIVE",0,1,2,3,0,7,0,0,1,0,0,62
"CD_I1011069","Hannah Munyard","ADL",0,0,0,9,1,"LAST",0,1,0,0,0,0,0,0,0,0,0,0
"CD_I1011069","Hannah Munyard","ADL",33,57,1,9,2,"LIVE",0,1,4,4,0,4,0,0,1,0,0,57
"CD_I1019456","Keeley Kustermann","ADL",39,61,0,9,1,"LAST",0,1,5,5,2,2,0,0,0,0,0,61
"CD_I1019456","Keeley Kustermann","ADL",48,75,1,9,2,"LIVE",0,1,7,6,2,2,0,1,0,0,0,75
"CD_I1014559","Najwa Allen","ADL",0,0,0,9,1,"LAST",0,1,0,0,0,0,0,0,0,0,0,0
"CD_I1014559","Najwa Allen","ADL",0,0,-1,9,2,"LIVE",0,1,0,0,0,0,0,0,0,0,0,0
"CD_I1005251","Deni Varnhagen","ADL",35,52,0,9,1,"LAST",0,1,6,3,2,2,0,0,1,0,0,52
"CD_I1005251","Deni Varnhagen","ADL",17,51,1,9,2,"LIVE",0,1,3,2,1,1,0,0,1,0,0,51
"CD_I1005279","Ebony Marinoff","ADL",121,94,0,9,1,"LAST",0,1,24,5,1,9,0,2,1,0,1,94
"CD_I1005279","Ebony Marinoff","ADL",191,94,1,9,2,"LIVE",0,1,26,5,7,19,0,3,1,1,0,94
"CD_I1022193","Sarah Goodwin","ADL",65,90,0,9,1,"LAST",0,1,9,5,4,4,0,0,0,0,0,90
"CD_I1022193","Sarah Goodwin","ADL",60,68,1,9,2,"LIVE",0,1,8,8,4,2,0,0,0,0,0,68
"CD_I1011080","Chelsea Biddell","ADL",56,91,0,9,1,"LAST",0,1,7,5,4,3,0,0,2,1,1,91
"CD_I1011080","Chelsea Biddell","ADL",46,96,1,9,2,"LIVE",0,1,8,4,2,2,0,0,0,0,0,96
"CD_I1014662","Kiera Mueller","ADL",33,55,0,9,1,"LAST",0,1,4,3,1,3,0,0,0,0,0,55
"CD_I1014662","Kiera Mueller","ADL",0,0,-1,9,2,"LIVE",0,1,0,0,0,0,0,0,0,0,0,0
"CD_I1005386","Stevie-Lee Thompson","ADL",62,71,0,9,1,"LAST",0,1,6,8,1,6,0,1,0,0,0,71
"CD_I1005386","Stevie-Lee Thompson","ADL",36,70,1,9,2,"LIVE",0,1,5,4,1,2,0,1,0,0,1,70
"CD_I1009794","Danielle Ponter","ADL",57,87,0,9,1,"LAST",0,1,10,4,2,2,0,5,0,0,0,87
"CD_I1009794","Danielle Ponter","ADL",47,72,1,9,2,"LIVE",0,1,5,6,1,2,0,2,0,1,1,72
"CD_I1014628","Taylah Levy","ADL",34,62,0,9,1,"LAST",0,1,2,5,2,3,0,0,0,0,0,62
"CD_I1014628","Taylah Levy","ADL",27,50,1,9,2,"LIVE",0,1,3,4,2,1,0,0,0,0,0,50
"CD_I1011095","Madison Newman","ADL",53,79,0,9,1,"LAST",0,1,11,8,1,0,0,0,0,0,1,79
"CD_I1011095","Madison Newman","ADL",101,82,1,9,2,"LIVE",0,1,15,12,6,4,0,0,1,0,1,82
"CD_I1019693","Brooke Smith","ADL",0,0,0,9,1,"LAST",0,1,0,0,0,0,0,0,0,0,0,0
"CD_I1019693","Brooke Smith","ADL",0,0,-1,9,2,"LIVE",0,1,0,0,0,0,0,0,0,0,0,0
"CD_I1011048","Jess Waterhouse","ADL",5,46,0,9,1,"LAST",0,1,3,1,0,0,0,0,2,0,0,46
"CD_I1011048","Jess Waterhouse","ADL",0,0,-1,9,2,"LIVE",0,1,0,0,0,0,0,0,0,0,0,0
"CD_I1025636","Tamara Henry","ADL",0,0,0,9,1,"LAST",0,1,0,0,0,0,0,0,0,0,0,0
"CD_I1025636","Tamara Henry","ADL",0,0,-1,9,2,"LIVE",0,1,0,0,0,0,0,0,0,0,0,0
"CD_I1017328","Lily Tarlinton","ADL",0,0,0,9,1,"LAST",0,1,0,0,0,0,0,0,0,0,0,0
"CD_I1017328","Lily Tarlinton","ADL",0,0,-1,9,2,"LIVE",0,1,0,0,0,0,0,0,0,0,0,0
"CD_I1018874","Niamh Kelly","ADL",32,76,0,9,1,"LAST",0,1,4,4,0,3,0,0,0,0,0,76
"CD_I1018874","Niamh Kelly","ADL",43,78,1,9,2,"LIVE",0,1,9,5,3,0,0,0,1,0,0,78
"CD_I1035375","Amy Boyle-Carr","ADL",0,0,0,9,1,"LAST",0,1,0,0,0,0,0,0,0,0,0,0
"CD_I1035375","Amy Boyle-Carr","ADL",0,0,-1,9,2,"LIVE",0,1,0,0,0,0,0,0,0,0,0,0
"CD_I1011057","Teah Charlton","ADL",0,0,0,9,1,"LAST",0,1,0,0,0,0,0,0,0,0,0,0
"CD_I1011057","Teah Charlton","ADL",0,0,-1,9,2,"LIVE",0,1,0,0,0,0,0,0,0,0,0,0
"CD_I998044","Chelsea Randall","ADL",57,87,0,9,1,"LAST",0,1,12,3,4,2,0,1,2,0,0,87
"CD_I998044","Chelsea Randall","ADL",84,88,1,9,2,"LIVE",0,1,13,6,4,4,0,2,1,1,0,88
"CD_I1011078","Abbie Ballard","ADL",0,0,0,9,1,"LAST",0,1,0,0,0,0,0,0,0,0,0,0
"CD_I1011078","Abbie Ballard","ADL",0,0,-1,9,2,"LIVE",0,1,0,0,0,0,0,0,0,0,0,0
"CD_I1019431","Brooke Tonon","ADL",38,74,0,9,1,"LAST",0,1,4,1,2,3,0,0,0,1,0,74
"CD_I1019431","Brooke Tonon","ADL",19,54,1,9,2,"LIVE",0,1,5,2,0,0,0,0,0,0,0,54
"CD_I1007313","Jessica Allan","ADL",87,87,0,9,1,"LAST",0,1,6,7,1,2,30,4,1,2,1,87
"CD_I1007313","Jessica Allan","ADL",60,86,1,9,2,"LIVE",0,1,4,5,3,1,27,1,1,0,0,86
"CD_I1005269","Anne Hatchard","ADL",123,93,0,9,1,"LAST",0,1,10,12,6,12,0,2,2,1,1,93
"CD_I1005269","Anne Hatchard","ADL",117,94,1,9,2,"LIVE",0,1,18,11,7,4,0,1,3,2,0,94
"CD_I1005285","Sarah Allan","ADL",49,95,0,9,1,"LAST",0,1,4,8,0,5,0,1,0,0,0,95
"CD_I1005285","Sarah Allan","ADL",49,97,1,9,2,"LIVE",0,1,5,7,5,1,4,0,1,0,0,97
"CD_I1029614","Eleanor Hartill","BRL",0,0,0,9,1,"LAST",0,1,0,0,0,0,0,0,0,0,0,0
"CD_I1029614","Eleanor Hartill","BRL",42,52,1,9,2,"LIVE",0,1,3,5,0,5,8,1,2,0,0,52
"CD_I1009844","Tahlia Hickie","BRL",43,77,0,9,1,"LAST",0,1,4,2,1,2,16,0,0,0,0,77
"CD_I1009844","Tahlia Hickie","BRL",58,80,1,9,2,"LIVE",0,1,3,5,1,2,28,0,0,0,0,80
"CD_I1005661","Breanna Koenen","BRL",25,89,0,9,1,"LAST",0,1,3,2,0,3,0,0,0,0,0,89
"CD_I1005661","Breanna Koenen","BRL",62,89,1,9,2,"LIVE",0,1,9,4,6,2,0,1,0,0,0,89
"CD_I1009828","Jade Ellenger","BRL",62,83,0,9,1,"LAST",0,1,6,6,2,7,0,1,1,0,0,83
"CD_I1009828","Jade Ellenger","BRL",47,90,1,9,2,"LIVE",0,1,8,7,1,3,0,0,2,0,0,90
"CD_I1009824","Lily Postlethwaite","BRL",60,78,0,9,1,"LAST",0,1,8,2,2,5,0,3,1,1,0,78
"CD_I1009824","Lily Postlethwaite","BRL",35,83,1,9,2,"LIVE",0,1,3,3,4,2,0,0,0,0,0,83
"CD_I1009843","Ellie Hampson","BRL",52,82,0,9,1,"LAST",0,1,7,0,2,6,0,1,0,0,0,82
"CD_I1009843","Ellie Hampson","BRL",2,52,1,9,2,"LIVE",0,1,2,1,0,0,0,0,2,0,0,52
"CD_I1033157","Jennifer Dunne","BRL",28,89,0,9,1,"LAST",0,1,5,3,1,1,0,0,0,0,0,89
"CD_I1033157","Jennifer Dunne","BRL",40,78,1,9,2,"LIVE",0,1,7,6,1,1,0,0,0,0,0,78
"CD_I1019034","Orla O'Dwyer","BRL",63,87,0,9,1,"LAST",0,1,10,5,1,5,0,0,0,0,0,87
"CD_I1019034","Orla O'Dwyer","BRL",50,74,1,9,2,"LIVE",0,1,11,3,1,2,0,0,0,0,0,74
"CD_I1009836","Natalie Grider","BRL",49,87,0,9,1,"LAST",0,1,6,9,3,1,0,0,0,0,0,87
"CD_I1009836","Natalie Grider","BRL",62,82,1,9,2,"LIVE",0,1,6,5,3,6,0,1,0,0,0,82
"CD_I1021530","Shanae Davison","BRL",1,3,0,9,1,"LAST",0,1,0,0,0,0,0,1,0,0,0,3
"CD_I1021530","Shanae Davison","BRL",0,0,-1,9,2,"LIVE",0,1,0,0,0,0,0,0,0,0,0,0
"CD_I1009847","Sophie Conway","BRL",78,86,0,9,1,"LAST",0,1,14,2,7,1,0,1,0,1,0,86
"CD_I1009847","Sophie Conway","BRL",91,83,1,9,2,"LIVE",0,1,14,2,4,9,0,2,2,0,1,83
"CD_I1005638","Kate Lutkins","BRL",19,66,0,9,1,"LAST",0,1,4,3,1,1,0,0,2,0,0,66
"CD_I1005638","Kate Lutkins","BRL",5,64,1,9,2,"LIVE",0,1,0,0,0,2,0,0,1,0,0,64
"CD_I1019057","Dakota Davidson","BRL",44,78,0,9,1,"LAST",0,1,6,1,3,2,1,2,1,1,1,78
"CD_I1019057","Dakota Davidson","BRL",67,100,1,9,2,"LIVE",0,1,6,2,3,5,0,1,1,3,0,100
"CD_I1009962","Poppy Boltz","BRL",36,78,0,9,1,"LAST",0,1,4,4,1,4,0,0,1,0,0,78
"CD_I1009962","Poppy Boltz","BRL",54,87,1,9,2,"LIVE",0,1,8,3,5,3,0,0,1,0,0,87
"CD_I1033269","Evie Long","BRL",0,0,0,9,1,"LAST",0,1,0,0,0,0,0,0,0,0,0,0
"CD_I1033269","Evie Long","BRL",0,0,-1,9,2,"LIVE",0,1,0,0,0,0,0,0,0,0,0,0
"CD_I1009833","Isabel Dawes","BRL",63,79,0,9,1,"LAST",0,1,9,8,2,5,0,0,2,0,0,79
"CD_I1009833","Isabel Dawes","BRL",73,82,1,9,2,"LIVE",0,1,7,14,1,5,0,1,0,0,0,82
"CD_I1005630","Ally Anderson","BRL",116,82,0,9,1,"LAST",0,1,14,15,2,7,0,3,0,1,1,82
"CD_I1005630","Ally Anderson","BRL",161,86,1,9,2,"LIVE",0,1,28,15,6,7,0,0,0,0,1,86
"CD_I1024295","Luka Yoshida-Martin","BRL",0,0,0,9,1,"LAST",0,1,0,0,0,0,0,0,0,0,0,0
"CD_I1024295","Luka Yoshida-Martin","BRL",0,0,-1,9,2,"LIVE",0,1,0,0,0,0,0,0,0,0,0,0
"CD_I1007130","Shannon Campbell","BRL",36,76,0,9,1,"LAST",0,1,5,1,2,3,0,1,0,0,0,76
"CD_I1007130","Shannon Campbell","BRL",30,67,1,9,2,"LIVE",0,1,4,3,1,2,0,1,0,0,0,67
"CD_I1009910","Courtney Hodder","BRL",56,95,0,9,1,"LAST",0,1,5,6,1,7,0,1,1,0,0,95
"CD_I1009910","Courtney Hodder","BRL",43,81,1,9,2,"LIVE",0,1,6,4,0,4,0,1,0,0,0,81
"CD_I1026111","Sophie Peters","BRL",0,0,0,9,1,"LAST",0,1,0,0,0,0,0,0,0,0,0,0
"CD_I1026111","Sophie Peters","BRL",0,0,-1,9,2,"LIVE",0,1,0,0,0,0,0,0,0,0,0,0
"CD_I1009827","Dee Heslop","BRL",0,0,0,9,1,"LAST",0,1,0,0,0,0,0,0,0,0,0,0
"CD_I1009827","Dee Heslop","BRL",0,0,-1,9,2,"LIVE",0,1,0,0,0,0,0,0,0,0,0,0
"CD_I1026937","Rania Crozier","BRL",0,0,0,9,1,"LAST",0,1,0,0,0,0,0,0,0,0,0,0
"CD_I1026937","Rania Crozier","BRL",0,0,-1,9,2,"LIVE",0,1,0,0,0,0,0,0,0,0,0,0
"CD_I1019061","Jade Pregelj","BRL",0,0,0,9,1,"LAST",0,1,0,0,0,0,0,0,0,0,0,0
"CD_I1019061","Jade Pregelj","BRL",0,0,-1,9,2,"LIVE",0,1,0,0,0,0,0,0,0,0,0,0
"CD_I1019053","Cathy Svarc","BRL",65,69,0,9,1,"LAST",0,1,4,3,5,8,0,0,0,0,0,69
"CD_I1019053","Cathy Svarc","BRL",54,73,1,9,2,"LIVE",0,1,4,8,0,6,0,2,0,0,0,73
"CD_I1026113","Indiana Williams","BRL",0,0,0,9,1,"LAST",0,1,0,0,0,0,0,0,0,0,0,0
"CD_I1026113","Indiana Williams","BRL",0,0,-1,9,2,"LIVE",0,1,0,0,0,0,0,0,0,0,0,0
"CD_I1021441","Charlotte Mullins","BRL",40,68,0,9,1,"LAST",0,1,3,6,2,4,0,0,1,0,0,68
"CD_I1021441","Charlotte Mullins","BRL",31,56,1,9,2,"LIVE",0,1,4,7,1,1,0,1,1,0,0,56
"CD_I1016938","Ruby Svarc","BRL",25,66,0,9,1,"LAST",0,1,2,3,1,2,0,1,0,0,1,66
"CD_I1016938","Ruby Svarc","BRL",49,76,1,9,2,"LIVE",0,1,5,3,1,4,0,3,0,1,0,76
"CD_I1024563","Jacinta Baldwick","BRL",0,0,0,9,1,"LAST",0,1,0,0,0,0,0,0,0,0,0,0
"CD_I1024563","Jacinta Baldwick","BRL",0,0,-1,9,2,"LIVE",0,1,0,0,0,0,0,0,0,0,0,0
"CD_I1012989","Taylor Smith","BRL",44,81,0,9,1,"LAST",0,1,5,2,0,3,11,2,2,1,0,81
"CD_I1012989","Taylor Smith","BRL",45,65,1,9,2,"LIVE",0,1,3,7,2,2,1,1,0,1,0,65
"CD_I1019887","Amelia Velardo","CAR",0,0,0,9,1,"LAST",0,1,0,0,0,0,0,0,0,0,0,0
"CD_I1019887","Amelia Velardo","CAR",0,0,-1,9,2,"LIVE",0,1,0,0,0,0,0,0,0,0,0,0
"CD_I296137","Jessica Dal Pos","CAR",35,72,0,9,1,"LAST",0,1,5,1,2,3,0,0,0,0,0,72
"CD_I296137","Jessica Dal Pos","CAR",30,78,1,9,2,"LIVE",0,1,5,5,0,2,0,0,1,0,0,78
"CD_I997663","Darcy Vescio","CAR",24,71,0,9,1,"LAST",0,1,4,3,2,0,0,0,0,0,0,71
"CD_I997663","Darcy Vescio","CAR",19,73,1,9,2,"LIVE",0,1,3,4,0,1,0,1,1,0,0,73
"CD_I1014991","Keeley Skepper","CAR",57,73,0,9,1,"LAST",0,1,10,2,0,4,0,1,0,1,0,73
"CD_I1014991","Keeley Skepper","CAR",55,67,1,9,2,"LIVE",0,1,6,3,3,4,0,0,0,1,0,67
"CD_I1013027","Abbie McKay","CAR",102,77,0,9,1,"LAST",0,1,16,16,0,5,0,2,0,0,0,77
"CD_I1013027","Abbie McKay","CAR",56,89,1,9,2,"LIVE",0,1,7,17,0,0,0,0,0,0,1,89
"CD_I1007026","Gab Pound","CAR",37,84,0,9,1,"LAST",0,1,5,5,2,2,0,1,1,0,0,84
"CD_I1007026","Gab Pound","CAR",61,87,1,9,2,"LIVE",0,1,15,1,2,2,0,0,0,0,0,87
"CD_I1019665","Tahlia Read","CAR",0,0,0,9,1,"LAST",0,1,0,0,0,0,0,0,0,0,0,0
"CD_I1019665","Tahlia Read","CAR",0,0,-1,9,2,"LIVE",0,1,0,0,0,0,0,0,0,0,0,0
"CD_I1012555","Celine Moody","CAR",12,69,0,9,1,"LAST",0,1,3,0,2,0,0,0,1,0,0,69
"CD_I1012555","Celine Moody","CAR",22,63,1,9,2,"LIVE",0,1,4,3,2,0,0,1,1,0,0,63
"CD_I1009977","Kerryn Peterson","CAR",37,67,0,9,1,"LAST",0,1,9,3,2,1,0,0,2,0,0,67
"CD_I1009977","Kerryn Peterson","CAR",41,83,1,9,2,"LIVE",0,1,5,7,0,3,0,0,0,0,0,83
"CD_I1015047","Mimi Hill","CAR",63,82,0,9,1,"LAST",0,1,4,18,1,3,0,0,0,0,0,82
"CD_I1015047","Mimi Hill","CAR",64,87,1,9,2,"LIVE",0,1,13,10,2,1,0,1,2,0,0,87
"CD_I1019736","Yasmin Duursma","CAR",0,0,0,9,1,"LAST",0,1,0,0,0,0,0,0,0,0,0,0
"CD_I1019736","Yasmin Duursma","CAR",0,0,-1,9,2,"LIVE",0,1,0,0,0,0,0,0,0,0,0,0
"CD_I1022236","Jessica Good","CAR",40,61,0,9,1,"LAST",0,1,2,3,0,2,20,0,0,0,0,61
"CD_I1022236","Jessica Good","CAR",58,68,1,9,2,"LIVE",0,1,5,10,2,0,13,4,0,0,0,68
"CD_I1021851","Lulu Beatty","CAR",25,77,0,9,1,"LAST",0,1,3,4,0,2,0,0,0,0,0,77
"CD_I1021851","Lulu Beatty","CAR",23,67,1,9,2,"LIVE",0,1,3,3,1,2,0,0,1,0,0,67
"CD_I1016940","Marianna Anthony","CAR",0,0,0,9,1,"LAST",0,1,0,0,0,0,0,0,0,0,0,0
"CD_I1016940","Marianna Anthony","CAR",56,69,1,9,2,"LIVE",0,1,6,6,1,4,0,1,0,1,0,69
"CD_I1025494","Meg Robertson","CAR",0,0,0,9,1,"LAST",0,1,0,0,0,0,0,0,0,0,0,0
"CD_I1025494","Meg Robertson","CAR",0,0,-1,9,2,"LIVE",0,1,0,0,0,0,0,0,0,0,0,0
"CD_I1007023","Breann Moody","CAR",68,88,0,9,1,"LAST",0,1,7,3,1,4,19,3,0,0,0,88
"CD_I1007023","Breann Moody","CAR",56,83,1,9,2,"LIVE",0,1,5,8,3,0,9,1,0,1,0,83
"CD_I1033158","Dayna Finn","CAR",44,75,0,9,1,"LAST",0,1,6,4,3,2,0,1,0,0,0,75
"CD_I1033158","Dayna Finn","CAR",77,82,1,9,2,"LIVE",0,1,8,9,7,3,0,1,0,0,1,82
"CD_I1009888","Madeleine Guerin","CAR",44,68,0,9,1,"LAST",0,1,8,3,0,4,0,1,1,0,0,68
"CD_I1009888","Madeleine Guerin","CAR",75,58,1,9,2,"LIVE",0,1,10,2,1,7,0,1,0,1,3,58
"CD_I1033159","Erone Fitzpatrick","CAR",0,0,0,9,1,"LAST",0,1,0,0,0,0,0,0,0,0,0,0
"CD_I1033159","Erone Fitzpatrick","CAR",0,0,-1,9,2,"LIVE",0,1,0,0,0,0,0,0,0,0,0,0
"CD_I1025995","Lily Goss","CAR",52,79,0,9,1,"LAST",0,1,6,5,2,4,0,2,0,0,0,79
"CD_I1025995","Lily Goss","CAR",44,69,1,9,2,"LIVE",0,1,6,5,3,3,0,0,2,0,1,69
"CD_I1007152","Harriet Cordner","CAR",32,98,0,9,1,"LAST",0,1,6,5,2,1,0,0,2,0,0,98
"CD_I1007152","Harriet Cordner","CAR",49,100,1,9,2,"LIVE",0,1,10,6,3,1,0,0,2,0,0,100
"CD_I1025564","Mia Austin","CAR",38,84,0,9,1,"LAST",0,1,4,6,0,1,0,0,1,2,1,84
"CD_I1025564","Mia Austin","CAR",31,86,1,9,2,"LIVE",0,1,3,2,0,4,1,1,2,1,0,86
"CD_I1021924","Lila Keck","CAR",24,64,0,9,1,"LAST",0,1,5,4,1,0,0,1,1,0,0,64
"CD_I1021924","Lila Keck","CAR",24,56,1,9,2,"LIVE",0,1,2,7,0,1,0,0,0,0,0,56
"CD_I1019819","Brooke Vickers","CAR",0,0,0,9,1,"LAST",0,1,0,0,0,0,0,0,0,0,0,0
"CD_I1019819","Brooke Vickers","CAR",0,0,-1,9,2,"LIVE",0,1,0,0,0,0,0,0,0,0,0,0
"CD_I1019711","Keeley Sherar","CAR",69,75,0,9,1,"LAST",0,1,8,11,0,6,0,2,3,1,0,75
"CD_I1019711","Keeley Sherar","CAR",91,83,1,9,2,"LIVE",0,1,15,4,3,7,0,3,1,0,1,83
"CD_I1014873","Tarni Brown","CAR",0,0,0,9,1,"LAST",0,1,0,0,0,0,0,0,0,0,0,0
"CD_I1014873","Tarni Brown","CAR",30,63,1,9,2,"LIVE",0,1,5,4,1,2,0,1,2,0,1,63
"CD_I1010243","Gen Lawson-Tavan","CAR",49,78,0,9,1,"LAST",0,1,4,6,0,6,0,1,0,0,0,78
"CD_I1010243","Gen Lawson-Tavan","CAR",37,89,1,9,2,"LIVE",0,1,6,5,0,2,0,1,0,0,0,89
"CD_I1019489","Jade Halfpenny","CAR",0,0,0,9,1,"LAST",0,1,0,0,0,0,0,0,0,0,0,0
"CD_I1019489","Jade Halfpenny","CAR",0,0,-1,9,2,"LIVE",0,1,0,0,0,0,0,0,0,0,0,0
"CD_I1029627","Taylor Ortlepp","CAR",0,0,0,9,1,"LAST",0,1,0,0,0,0,0,0,0,0,0,0
"CD_I1029627","Taylor Ortlepp","CAR",0,0,-1,9,2,"LIVE",0,1,0,0,0,0,0,0,0,0,0,0
"CD_I1014373","Ciara Fitzgerald","CAR",36,78,0,9,1,"LAST",0,1,2,5,0,5,0,0,0,0,0,78
"CD_I1014373","Ciara Fitzgerald","CAR",0,0,-1,9,2,"LIVE",0,1,0,0,0,0,0,0,0,0,0,0
"CD_I1022744","Madeline Hendrie","CAR",49,80,0,9,1,"LAST",0,1,5,1,1,7,0,1,0,0,0,80
"CD_I1022744","Madeline Hendrie","CAR",0,0,-1,9,2,"LIVE",0,1,0,0,0,0,0,0,0,0,0,0
"CD_I1003019","Sabrina Frederick","COL",118,94,0,9,1,"LAST",0,1,17,4,5,5,25,2,1,0,0,94
"CD_I1003019","Sabrina Frederick","COL",92,84,1,9,2,"LIVE",0,1,12,6,5,3,13,1,1,1,0,84
"CD_I1015070","Eliza James","COL",35,84,0,9,1,"LAST",0,1,7,1,2,1,0,1,0,0,1,84
"CD_I1015070","Eliza James","COL",31,88,1,9,2,"LIVE",0,1,6,3,1,1,0,0,0,0,0,88
"CD_I1003020","Brianna Davey","COL",0,0,0,9,1,"LAST",0,1,0,0,0,0,0,0,0,0,0,0
"CD_I1003020","Brianna Davey","COL",61,81,1,9,2,"LIVE",0,1,7,7,0,6,0,4,1,0,1,81
"CD_I1022112","Imogen Barnett","COL",40,83,0,9,1,"LAST",0,1,4,2,2,3,5,2,1,0,2,83
"CD_I1022112","Imogen Barnett","COL",41,71,1,9,2,"LIVE",0,1,6,1,2,1,13,0,1,0,1,71
"CD_I1015195","Annie Lee","COL",40,77,0,9,1,"LAST",0,1,4,1,3,4,0,1,0,0,0,77
"CD_I1015195","Annie Lee","COL",0,0,-1,9,2,"LIVE",0,1,0,0,0,0,0,0,0,0,0,0
"CD_I1021457","Imogen Evans","COL",25,47,0,9,1,"LAST",0,1,6,1,0,1,0,1,0,0,0,47
"CD_I1021457","Imogen Evans","COL",0,0,-1,9,2,"LIVE",0,1,0,0,0,0,0,0,0,0,0,0
"CD_I997736","Jordyn Allen","COL",25,95,0,9,1,"LAST",0,1,6,0,3,1,0,0,2,0,0,95
"CD_I997736","Jordyn Allen","COL",63,94,1,9,2,"LIVE",0,1,10,3,5,3,0,0,0,0,0,94
"CD_I1013706","Sarah Rowe","COL",59,91,0,9,1,"LAST",0,1,15,1,2,2,0,0,3,1,1,91
"CD_I1013706","Sarah Rowe","COL",86,100,1,9,2,"LIVE",0,1,18,6,1,4,0,1,0,0,0,100
"CD_I997729","Brittany Bonnici","COL",83,84,0,9,1,"LAST",0,1,19,5,1,4,0,3,2,0,0,84
"CD_I997729","Brittany Bonnici","COL",120,80,1,9,2,"LIVE",0,1,13,14,5,10,0,1,1,0,0,80
"CD_I1015053","Alana Porter","COL",38,81,0,9,1,"LAST",0,1,4,3,2,2,0,0,0,1,0,81
"CD_I1015053","Alana Porter","COL",27,92,1,9,2,"LIVE",0,1,3,5,1,1,0,1,0,0,0,92
"CD_I1035374","Muireann Atkinson","COL",26,58,0,9,1,"LAST",0,1,6,0,2,2,0,0,2,0,0,58
"CD_I1035374","Muireann Atkinson","COL",0,0,-1,9,2,"LIVE",0,1,0,0,0,0,0,0,0,0,0,0
"CD_I1019817","Charlotte Taylor","COL",0,0,0,9,1,"LAST",0,1,0,0,0,0,0,0,0,0,0,0
"CD_I1019817","Charlotte Taylor","COL",0,0,-1,9,2,"LIVE",0,1,0,0,0,0,0,0,0,0,0,0
"CD_I1007015","Stacey Livingstone","COL",41,82,0,9,1,"LAST",0,1,7,0,3,1,0,0,0,1,1,82
"CD_I1007015","Stacey Livingstone","COL",47,77,1,9,2,"LIVE",0,1,10,0,3,2,0,0,0,0,0,77
"CD_I1017029","Grace Campbell","COL",48,78,0,9,1,"LAST",0,1,5,4,1,4,0,2,1,1,1,78
"CD_I1017029","Grace Campbell","COL",60,78,1,9,2,"LIVE",0,1,10,3,1,6,0,0,3,1,0,78
"CD_I1017238","Aishling Sheridan","COL",0,0,0,9,1,"LAST",0,1,0,0,0,0,0,0,0,0,0,0
"CD_I1017238","Aishling Sheridan","COL",0,0,-1,9,2,"LIVE",0,1,0,0,0,0,0,0,0,0,0,0
"CD_I1005663","Erica Fowler","COL",20,44,0,9,1,"LAST",0,1,2,3,1,2,0,0,1,0,0,44
"CD_I1005663","Erica Fowler","COL",12,48,1,9,2,"LIVE",0,1,1,1,0,2,0,1,1,0,1,48
"CD_I1013513","Sarah Sansonetti","COL",38,76,0,9,1,"LAST",0,1,3,2,1,6,0,1,1,0,0,76
"CD_I1013513","Sarah Sansonetti","COL",33,72,1,9,2,"LIVE",0,1,4,4,0,3,0,1,0,0,0,72
"CD_I1010102","Nell Morris-Dalton","COL",0,0,0,9,1,"LAST",0,1,0,0,0,0,0,0,0,0,0,0
"CD_I1010102","Nell Morris-Dalton","COL",0,0,-1,9,2,"LIVE",0,1,0,0,0,0,0,0,0,0,0,0
"CD_I1007027","Ruby Schleicher","COL",56,95,0,9,1,"LAST",0,1,12,3,4,1,0,0,1,0,1,95
"CD_I1007027","Ruby Schleicher","COL",56,87,1,9,2,"LIVE",0,1,7,8,3,3,0,1,1,0,0,87
"CD_I1021895","Georgia Clark","COL",0,0,0,9,1,"LAST",0,1,0,0,0,0,0,0,0,0,0,0
"CD_I1021895","Georgia Clark","COL",0,0,-1,9,2,"LIVE",0,1,0,0,0,0,0,0,0,0,0,0
"CD_I1012716","Selena Karlson","COL",0,0,0,9,1,"LAST",0,1,0,0,0,0,0,0,0,0,0,0
"CD_I1012716","Selena Karlson","COL",11,41,1,9,2,"LIVE",0,1,2,0,0,1,0,1,0,0,0,41
"CD_I1031865","Eleri Morris","COL",0,0,0,9,1,"LAST",0,1,0,0,0,0,0,0,0,0,0,0
"CD_I1031865","Eleri Morris","COL",25,81,1,9,2,"LIVE",0,1,4,0,2,1,0,0,1,1,0,81
"CD_I1012234","Mikalya Hyde","COL",0,0,0,9,1,"LAST",0,1,0,0,0,0,0,0,0,0,0,0
"CD_I1012234","Mikalya Hyde","COL",0,0,-1,9,2,"LIVE",0,1,0,0,0,0,0,0,0,0,0,0
"CD_I1010096","Lauren Butler","COL",0,0,0,9,1,"LAST",0,1,0,0,0,0,0,0,0,0,0,0
"CD_I1010096","Lauren Butler","COL",0,0,-1,9,2,"LIVE",0,1,0,0,0,0,0,0,0,0,0,0
"CD_I1006996","Lauren Brazzale","COL",30,70,0,9,1,"LAST",0,1,6,1,2,1,0,0,0,0,0,70
"CD_I1006996","Lauren Brazzale","COL",30,68,1,9,2,"LIVE",0,1,4,2,2,2,0,0,0,0,0,68
"CD_I1012637","Mikala Cann","COL",81,76,0,9,1,"LAST",0,1,6,9,1,10,0,2,0,0,0,76
"CD_I1012637","Mikala Cann","COL",71,83,1,9,2,"LIVE",0,1,12,4,1,5,0,4,1,0,3,83
"CD_I1025609","Lucy Cronin","COL",17,92,0,9,1,"LAST",0,1,3,2,1,0,0,1,0,0,0,92
"CD_I1025609","Lucy Cronin","COL",33,96,1,9,2,"LIVE",0,1,7,4,0,1,0,0,0,0,0,96
"CD_I1019680","Charlotte Blair","COL",39,67,0,9,1,"LAST",0,1,8,0,2,2,0,1,0,0,0,67
"CD_I1019680","Charlotte Blair","COL",21,51,1,9,2,"LIVE",0,1,2,2,1,2,0,0,0,0,0,51
"CD_I1009831","Tarni White","COL",42,74,0,9,1,"LAST",0,1,7,2,2,3,0,2,1,0,0,74
"CD_I1009831","Tarni White","COL",0,0,-1,9,2,"LIVE",0,1,0,0,0,0,0,0,0,0,0,0
"CD_I1019724","Carly Remmos","COL",20,50,0,9,1,"LAST",0,1,4,1,0,2,0,0,1,0,1,50
"CD_I1019724","Carly Remmos","COL",43,55,1,9,2,"LIVE",0,1,5,3,0,6,0,1,1,0,0,55
"CD_I1025421","Amber Schutte","COL",0,0,0,9,1,"LAST",0,1,0,0,0,0,0,0,0,0,0,0
"CD_I1025421","Amber Schutte","COL",13,72,1,9,2,"LIVE",0,1,0,4,1,2,0,0,2,0,0,72
"CD_I1009845","Kalinda Howarth","COL",0,0,0,9,1,"LAST",0,1,0,0,0,0,0,0,0,0,0,0
"CD_I1009845","Kalinda Howarth","COL",0,0,-1,9,2,"LIVE",0,1,0,0,0,0,0,0,0,0,0,0
"CD_I1008031","Jordan Ivey","COL",0,0,0,9,1,"LAST",0,1,0,0,0,0,0,0,0,0,0,0
"CD_I1008031","Jordan Ivey","COL",0,0,-1,9,2,"LIVE",0,1,0,0,0,0,0,0,0,0,0,0
"CD_I1021368","Sarah Ingram","COL",0,0,0,9,1,"LAST",0,1,0,0,0,0,0,0,0,0,0,0
"CD_I1021368","Sarah Ingram","COL",0,0,-1,9,2,"LIVE",0,1,0,0,0,0,0,0,0,0,0,0
"CD_I1025674","Emily Gough","ESS",30,71,0,9,1,"LAST",0,1,2,5,0,2,5,1,0,0,0,71
"CD_I1025674","Emily Gough","ESS",31,73,1,9,2,"LIVE",0,1,3,2,0,2,2,1,0,1,1,73
"CD_I997745","Georgia Gee","ESS",33,83,0,9,1,"LAST",0,1,6,4,1,1,0,0,0,0,0,83
"CD_I997745","Georgia Gee","ESS",0,0,-1,9,2,"LIVE",0,1,0,0,0,0,0,0,0,0,0,0
"CD_I1005361","Daria Bannister","ESS",63,82,0,9,1,"LAST",0,1,7,3,1,5,0,4,1,2,0,82
"CD_I1005361","Daria Bannister","ESS",36,69,1,9,2,"LIVE",0,1,3,5,1,3,0,1,0,0,1,69
"CD_I1009885","Madison Prespakis","ESS",104,88,0,9,1,"LAST",0,1,15,10,0,10,0,2,1,0,0,88
"CD_I1009885","Madison Prespakis","ESS",90,81,1,9,2,"LIVE",0,1,16,11,3,3,0,3,2,0,2,81
"CD_I1013522","Georgia Nanscawen","ESS",114,79,0,9,1,"LAST",0,1,16,9,2,10,0,5,1,0,0,79
"CD_I1013522","Georgia Nanscawen","ESS",80,80,1,9,2,"LIVE",0,1,11,14,0,5,0,4,2,0,1,80
"CD_I1009976","Maddison Gay","ESS",51,93,0,9,1,"LAST",0,1,12,3,3,0,0,0,0,0,0,93
"CD_I1009976","Maddison Gay","ESS",96,90,1,9,2,"LIVE",0,1,22,2,7,1,0,1,0,0,0,90
"CD_I1010098","Kodi Jacques","ESS",57,80,0,9,1,"LAST",0,1,0,12,0,9,0,0,1,0,0,80
"CD_I1010098","Kodi Jacques","ESS",31,71,1,9,2,"LIVE",0,1,4,6,3,1,0,0,2,0,0,71
"CD_I1010690","Bonnie Toogood","ESS",5,25,0,9,1,"LAST",0,1,1,1,0,0,0,0,0,0,0,25
"CD_I1010690","Bonnie Toogood","ESS",0,0,-1,9,2,"LIVE",0,1,0,0,0,0,0,0,0,0,0,0
"CD_I1012558","Brooke Walker","ESS",49,71,0,9,1,"LAST",0,1,1,3,1,10,0,0,1,0,0,71
"CD_I1012558","Brooke Walker","ESS",46,79,1,9,2,"LIVE",0,1,7,4,4,2,0,0,1,0,0,79
"CD_I1016869","Jacqui Vogt","ESS",0,0,0,9,1,"LAST",0,1,0,0,0,0,0,0,0,0,0,0
"CD_I1016869","Jacqui Vogt","ESS",25,65,1,9,2,"LIVE",0,1,4,2,2,0,0,0,1,1,0,65
"CD_I1022685","Brooke Sheridan","ESS",0,0,0,9,1,"LAST",0,1,0,0,0,0,0,0,0,0,0,0
"CD_I1022685","Brooke Sheridan","ESS",0,0,-1,9,2,"LIVE",0,1,0,0,0,0,0,0,0,0,0,0
"CD_I1010279","Elizabeth Keaney","ESS",61,92,0,9,1,"LAST",0,1,7,3,2,7,0,0,0,0,0,92
"CD_I1010279","Elizabeth Keaney","ESS",80,78,1,9,2,"LIVE",0,1,11,3,3,9,0,2,2,0,0,78
"CD_I1014917","Lily-Rose Williamson","ESS",0,0,0,9,1,"LAST",0,1,0,0,0,0,0,0,0,0,0,0
"CD_I1014917","Lily-Rose Williamson","ESS",34,61,1,9,2,"LIVE",0,1,4,4,2,2,0,0,2,1,0,61
"CD_I1005374","Ellyse Gamble","ESS",22,81,0,9,1,"LAST",0,1,5,0,1,1,0,0,0,0,0,81
"CD_I1005374","Ellyse Gamble","ESS",0,0,-1,9,2,"LIVE",0,1,0,0,0,0,0,0,0,0,0,0
"CD_I1023389","Chloe Adams","ESS",0,0,0,9,1,"LAST",0,1,0,0,0,0,0,0,0,0,0,0
"CD_I1023389","Chloe Adams","ESS",38,50,1,9,2,"LIVE",0,1,2,5,1,3,0,1,0,1,0,50
"CD_I1021409","Matilda Dyke","ESS",30,68,0,9,1,"LAST",0,1,3,4,0,3,4,0,1,0,0,68
"CD_I1021409","Matilda Dyke","ESS",40,61,1,9,2,"LIVE",0,1,4,4,2,5,0,0,2,0,0,61
"CD_I1009857","Georgia Clarke","ESS",20,94,0,9,1,"LAST",0,1,1,7,1,0,0,0,0,0,0,94
"CD_I1009857","Georgia Clarke","ESS",20,78,1,9,2,"LIVE",0,1,5,1,1,0,0,0,0,0,0,78
"CD_I1015182","Mia Van Dyke","ESS",0,0,0,9,1,"LAST",0,1,0,0,0,0,0,0,0,0,0,0
"CD_I1015182","Mia Van Dyke","ESS",0,0,-1,9,2,"LIVE",0,1,0,0,0,0,0,0,0,0,0,0
"CD_I1006997","Stephanie Cain","ESS",53,82,0,9,1,"LAST",0,1,5,4,2,6,0,0,0,0,0,82
"CD_I1006997","Stephanie Cain","ESS",58,81,1,9,2,"LIVE",0,1,7,7,0,4,0,1,0,1,0,81
"CD_I1026008","Amelia Radford","ESS",56,78,0,9,1,"LAST",0,1,10,4,3,3,0,0,1,0,0,78
"CD_I1026008","Amelia Radford","ESS",54,79,1,9,2,"LIVE",0,1,7,7,2,3,0,1,0,0,0,79
"CD_I1025525","Amy Gaylor","ESS",59,89,0,9,1,"LAST",0,1,9,3,3,4,0,1,0,0,0,89
"CD_I1025525","Amy Gaylor","ESS",37,77,1,9,2,"LIVE",0,1,6,4,3,2,0,0,2,0,0,77
"CD_I1012580","Sophie Alexander","ESS",34,91,0,9,1,"LAST",0,1,3,7,3,0,1,0,0,0,1,91
"CD_I1012580","Sophie Alexander","ESS",37,88,1,9,2,"LIVE",0,1,4,4,2,0,4,1,0,1,0,88
"CD_I1010264","Alexandra Morcom","ESS",58,70,0,9,1,"LAST",0,1,3,2,2,9,0,0,1,1,0,70
"CD_I1010264","Alexandra Morcom","ESS",43,88,1,9,2,"LIVE",0,1,5,3,2,4,0,0,0,0,0,88
"CD_I1015174","Ashleigh Van Loon","ESS",0,0,0,9,1,"LAST",0,1,0,0,0,0,0,0,0,0,0,0
"CD_I1015174","Ashleigh Van Loon","ESS",17,82,1,9,2,"LIVE",0,1,2,2,0,3,0,1,2,0,0,82
"CD_I1009765","Sophie Van De Heuvel","ESS",41,86,0,9,1,"LAST",0,1,9,4,1,2,0,1,2,0,0,86
"CD_I1009765","Sophie Van De Heuvel","ESS",41,86,1,9,2,"LIVE",0,1,6,4,2,2,0,1,0,0,0,86
"CD_I1019705","Mia Busch","ESS",0,0,0,9,1,"LAST",0,1,0,0,0,0,0,0,0,0,0,0
"CD_I1019705","Mia Busch","ESS",0,0,-1,9,2,"LIVE",0,1,0,0,0,0,0,0,0,0,0,0
"CD_I1027783","Stephanie Wales","ESS",87,74,0,9,1,"LAST",0,1,8,6,2,3,35,1,1,0,0,74
"CD_I1027783","Stephanie Wales","ESS",64,82,1,9,2,"LIVE",0,1,8,2,4,2,19,3,2,0,0,82
"CD_I1019762","Paige Scott","ESS",0,0,0,9,1,"LAST",0,1,0,0,0,0,0,0,0,0,0,0
"CD_I1019762","Paige Scott","ESS",0,0,-1,9,2,"LIVE",0,1,0,0,0,0,0,0,0,0,0,0
"CD_I1019689","Amber Clarke","ESS",12,20,0,9,1,"LAST",0,1,4,0,0,0,0,0,0,0,0,20
"CD_I1019689","Amber Clarke","ESS",0,0,-1,9,2,"LIVE",0,1,0,0,0,0,0,0,0,0,0,0
"CD_I1007153","Catherine Phillips","ESS",0,0,0,9,1,"LAST",0,1,0,0,0,0,0,0,0,0,0,0
"CD_I1007153","Catherine Phillips","ESS",0,0,-1,9,2,"LIVE",0,1,0,0,0,0,0,0,0,0,0,0
"CD_I1021527","Brooke Brown","ESS",0,0,0,9,1,"LAST",0,1,0,0,0,0,0,0,0,0,0,0
"CD_I1021527","Brooke Brown","ESS",0,0,-1,9,2,"LIVE",0,1,0,0,0,0,0,0,0,0,0,0
"CD_I1009882","Gabrielle Newton","FRE",60,73,0,9,1,"LAST",0,1,8,4,2,6,0,1,1,0,0,73
"CD_I1009882","Gabrielle Newton","FRE",55,84,1,9,2,"LIVE",0,1,7,6,1,5,0,2,1,0,0,84
"CD_I998030","Kiara Bowers","FRE",0,0,0,9,1,"LAST",0,1,0,0,0,0,0,0,0,0,0,0
"CD_I998030","Kiara Bowers","FRE",0,0,-1,9,2,"LIVE",0,1,0,0,0,0,0,0,0,0,0,0
"CD_I1012242","Emma O'Driscoll","FRE",23,74,0,9,1,"LAST",0,1,6,2,0,1,0,0,1,0,0,74
"CD_I1012242","Emma O'Driscoll","FRE",57,75,1,9,2,"LIVE",0,1,9,5,5,1,0,1,0,0,0,75
"CD_I1013937","Angelique Stannett","FRE",0,0,0,9,1,"LAST",0,1,0,0,0,0,0,0,0,0,0,0
"CD_I1013937","Angelique Stannett","FRE",0,0,-1,9,2,"LIVE",0,1,0,0,0,0,0,0,0,0,0,0
"CD_I1012236","Sarah Verrier","FRE",0,0,0,9,1,"LAST",0,1,0,0,0,0,0,0,0,0,0,0
"CD_I1012236","Sarah Verrier","FRE",0,0,-1,9,2,"LIVE",0,1,0,0,0,0,0,0,0,0,0,0
"CD_I1026166","Madeleine Scanlon","FRE",18,69,0,9,1,"LAST",0,1,4,3,2,0,0,0,2,0,0,69
"CD_I1026166","Madeleine Scanlon","FRE",51,74,1,9,2,"LIVE",0,1,6,10,3,1,0,0,0,0,0,74
"CD_I1014034","Aisling McCarthy","FRE",139,87,0,9,1,"LAST",0,1,14,10,4,14,0,0,1,2,0,87
"CD_I1014034","Aisling McCarthy","FRE",78,71,1,9,2,"LIVE",0,1,14,3,1,6,0,2,0,0,1,71
"CD_I1021410","Dana East","FRE",70,75,0,9,1,"LAST",0,1,7,10,2,6,0,2,1,0,0,75
"CD_I1021410","Dana East","FRE",37,80,1,9,2,"LIVE",0,1,5,6,0,4,0,0,2,0,0,80
"CD_I1007144","Gabby O'Sullivan","FRE",49,76,0,9,1,"LAST",0,1,9,3,2,3,0,0,1,0,1,76
"CD_I1007144","Gabby O'Sullivan","FRE",52,85,1,9,2,"LIVE",0,1,9,5,2,2,0,1,0,0,0,85
"CD_I1018949","Aine Tighe","FRE",120,92,0,9,1,"LAST",0,1,12,3,7,7,7,0,1,4,1,92
"CD_I1018949","Aine Tighe","FRE",68,89,1,9,2,"LIVE",0,1,9,3,6,3,4,0,0,0,1,89
"CD_I1017340","Mikayla Morrison","FRE",0,0,0,9,1,"LAST",0,1,0,0,0,0,0,0,0,0,0,0
"CD_I1017340","Mikayla Morrison","FRE",0,0,-1,9,2,"LIVE",0,1,0,0,0,0,0,0,0,0,0,0
"CD_I1001682","Ebony Antonio","FRE",12,79,0,9,1,"LAST",0,1,1,0,0,3,0,0,1,0,0,79
"CD_I1001682","Ebony Antonio","FRE",52,79,1,9,2,"LIVE",0,1,6,1,3,7,0,1,2,0,0,79
"CD_I1022824","Makaela Tuhakaraina","FRE",0,0,0,9,1,"LAST",0,1,0,0,0,0,0,0,0,0,0,0
"CD_I1022824","Makaela Tuhakaraina","FRE",0,0,-1,9,2,"LIVE",0,1,0,0,0,0,0,0,0,0,0,0
"CD_I1029623","Orlagh Lally","FRE",42,69,0,9,1,"LAST",0,1,11,3,2,0,0,0,1,0,0,69
"CD_I1029623","Orlagh Lally","FRE",36,74,1,9,2,"LIVE",0,1,7,3,1,2,0,1,1,0,0,74
"CD_I1012261","Tara Stribley","FRE",0,0,0,9,1,"LAST",0,1,0,0,0,0,0,0,0,0,0,0
"CD_I1012261","Tara Stribley","FRE",0,0,-1,9,2,"LIVE",0,1,0,0,0,0,0,0,0,0,0,0
"CD_I1014887","Serena Gibbs","FRE",0,0,0,9,1,"LAST",0,1,0,0,0,0,0,0,0,0,0,0
"CD_I1014887","Serena Gibbs","FRE",0,0,-1,9,2,"LIVE",0,1,0,0,0,0,0,0,0,0,0,0
"CD_I1025861","Holly Ifould","FRE",0,0,0,9,1,"LAST",0,1,0,0,0,0,0,0,0,0,0,0
"CD_I1025861","Holly Ifould","FRE",0,0,-1,9,2,"LIVE",0,1,0,0,0,0,0,0,0,0,0,0
"CD_I1012248","Philipa Seth","FRE",51,82,0,9,1,"LAST",0,1,3,5,2,5,0,0,0,1,0,82
"CD_I1012248","Philipa Seth","FRE",34,69,1,9,2,"LIVE",0,1,3,5,1,3,0,0,0,0,0,69
"CD_I998040","Hayley Miller","FRE",92,80,0,9,1,"LAST",0,1,13,4,4,8,0,1,0,0,0,80
"CD_I998040","Hayley Miller","FRE",64,77,1,9,2,"LIVE",0,1,9,3,1,6,0,3,0,0,1,77
"CD_I1026222","Jae Flynn","FRE",37,78,0,9,1,"LAST",0,1,5,2,1,4,0,2,1,0,0,78
"CD_I1026222","Jae Flynn","FRE",45,68,1,9,2,"LIVE",0,1,5,6,3,3,0,0,1,0,0,68
"CD_I1017347","Mim Strom","FRE",133,93,0,9,1,"LAST",0,1,5,12,3,9,48,1,0,0,0,93
"CD_I1017347","Mim Strom","FRE",62,83,1,9,2,"LIVE",0,1,2,8,1,5,20,0,1,0,0,83
"CD_I1012662","Airlie Runnalls","FRE",82,86,0,9,1,"LAST",0,1,5,5,3,10,0,2,0,1,0,86
"CD_I1012662","Airlie Runnalls","FRE",41,88,1,9,2,"LIVE",0,1,6,4,2,2,0,1,0,0,0,88
"CD_I1031247","Joanne Cregg","FRE",20,60,0,9,1,"LAST",0,1,4,2,0,1,0,0,0,0,0,60
"CD_I1031247","Joanne Cregg","FRE",15,57,1,9,2,"LIVE",0,1,5,0,0,0,0,0,0,0,0,57
"CD_I1010663","Ashleigh Brazill","FRE",38,94,0,9,1,"LAST",0,1,7,5,2,1,0,0,1,0,0,94
"CD_I1010663","Ashleigh Brazill","FRE",59,98,1,9,2,"LIVE",0,1,13,5,5,0,1,0,2,0,0,98
"CD_I1029621","Megan Kauffman","FRE",60,73,0,9,1,"LAST",0,1,8,2,2,6,0,1,2,1,1,73
"CD_I1029621","Megan Kauffman","FRE",47,81,1,9,2,"LIVE",0,1,6,5,2,3,0,1,0,0,0,81
"CD_I1031243","Tahleah Mulder","FRE",0,0,0,9,1,"LAST",0,1,0,0,0,0,0,0,0,0,0,0
"CD_I1031243","Tahleah Mulder","FRE",0,0,-1,9,2,"LIVE",0,1,0,0,0,0,0,0,0,0,0,0
"CD_I1026294","Ariana Hetherington","FRE",0,0,0,9,1,"LAST",0,1,0,0,0,0,0,0,0,0,0,0
"CD_I1026294","Ariana Hetherington","FRE",0,0,-1,9,2,"LIVE",0,1,0,0,0,0,0,0,0,0,0,0
"CD_I1021399","Jessica Low","FRE",31,78,0,9,1,"LAST",0,1,4,3,0,3,0,1,0,0,0,78
"CD_I1021399","Jessica Low","FRE",37,84,1,9,2,"LIVE",0,1,4,4,1,3,0,2,0,0,0,84
"CD_I1012581","Gabby Biedenweg-Webster","FRE",0,0,0,9,1,"LAST",0,1,0,0,0,0,0,0,0,0,0,0
"CD_I1012581","Gabby Biedenweg-Webster","FRE",0,0,-1,9,2,"LIVE",0,1,0,0,0,0,0,0,0,0,0,0
"CD_I1005437","Laura Pugh","FRE",40,71,0,9,1,"LAST",0,1,8,1,1,2,0,0,1,1,0,71
"CD_I1005437","Laura Pugh","FRE",44,74,1,9,2,"LIVE",0,1,5,5,1,4,4,0,2,0,2,74
"CD_I1026444","Amy Mulholland","FRE",36,55,0,9,1,"LAST",0,1,2,1,0,7,0,0,0,0,0,55
"CD_I1026444","Amy Mulholland","FRE",39,68,1,9,2,"LIVE",0,1,5,2,1,4,0,0,0,0,1,68
"CD_I1021898","Tunisha Kikoak","FRE",13,56,0,9,1,"LAST",0,1,2,1,0,1,1,0,0,0,0,56
"CD_I1021898","Tunisha Kikoak","FRE",2,41,1,9,2,"LIVE",0,1,1,0,0,0,2,0,1,0,0,41
"CD_I1021365","Annabel Kievit","GCS",43,68,0,9,1,"LAST",0,1,8,0,5,2,0,1,2,0,1,68
"CD_I1021365","Annabel Kievit","GCS",50,71,1,9,2,"LIVE",0,1,8,1,5,2,0,1,0,0,0,71
"CD_I1009963","Lauren Bella","GCS",71,77,0,9,1,"LAST",0,1,4,4,1,5,32,2,2,0,0,77
"CD_I1009963","Lauren Bella","GCS",38,77,1,9,2,"LIVE",0,1,2,4,0,1,26,0,2,0,0,77
"CD_I1024535","Darcie Davies","GCS",44,67,0,9,1,"LAST",0,1,4,4,2,2,10,0,0,0,0,67
"CD_I1024535","Darcie Davies","GCS",38,73,1,9,2,"LIVE",0,1,5,1,2,1,4,0,0,1,1,73
"CD_I1010662","Claudia Whitfort","GCS",90,74,0,9,1,"LAST",0,1,12,8,4,6,0,2,0,0,0,74
"CD_I1010662","Claudia Whitfort","GCS",90,71,1,9,2,"LIVE",0,1,10,10,2,7,0,0,0,1,0,71
"CD_I1009868","Maddy Brancatisano","GCS",0,0,0,9,1,"LAST",0,1,0,0,0,0,0,0,0,0,0,0
"CD_I1009868","Maddy Brancatisano","GCS",0,0,-1,9,2,"LIVE",0,1,0,0,0,0,0,0,0,0,0,0
"CD_I1009770","Elise Barwick","GCS",39,77,0,9,1,"LAST",0,1,4,2,0,6,0,2,1,0,0,77
"CD_I1009770","Elise Barwick","GCS",55,73,1,9,2,"LIVE",0,1,7,4,1,5,0,3,0,0,0,73
"CD_I1013028","Katie Lynch","GCS",36,92,0,9,1,"LAST",0,1,5,4,2,4,0,0,3,0,0,92
"CD_I1013028","Katie Lynch","GCS",40,90,1,9,2,"LIVE",0,1,7,5,4,0,0,0,1,0,0,90
"CD_I1015068","Charlie Rowbottom","GCS",104,89,0,9,1,"LAST",0,1,12,14,3,11,0,2,5,0,0,89
"CD_I1015068","Charlie Rowbottom","GCS",163,87,1,9,2,"LIVE",0,1,22,13,10,10,0,4,1,0,0,87
"CD_I1010257","Clara Fitzpatrick","GCS",38,65,0,9,1,"LAST",0,1,6,8,1,1,0,0,1,0,0,65
"CD_I1010257","Clara Fitzpatrick","GCS",36,57,1,9,2,"LIVE",0,1,3,5,0,5,0,0,1,0,0,57
"CD_I1016781","Ella Maurer","GCS",53,71,0,9,1,"LAST",0,1,7,4,4,3,0,0,2,1,0,71
"CD_I1016781","Ella Maurer","GCS",25,73,1,9,2,"LIVE",0,1,4,3,3,1,0,0,2,0,0,73
"CD_I1033165","Niamh McLaughlin","GCS",49,90,0,9,1,"LAST",0,1,12,4,1,1,0,1,1,0,0,90
"CD_I1033165","Niamh McLaughlin","GCS",58,92,1,9,2,"LIVE",0,1,11,4,1,4,0,1,1,0,0,92
"CD_I1012709","Tara Bohanna","GCS",49,74,0,9,1,"LAST",0,1,9,3,4,0,1,0,0,0,3,74
"CD_I1012709","Tara Bohanna","GCS",68,79,1,9,2,"LIVE",0,1,8,7,6,1,0,2,0,1,0,79
"CD_I1021456","Lucy Single","GCS",67,73,0,9,1,"LAST",0,1,11,11,1,2,0,1,0,0,0,73
"CD_I1021456","Lucy Single","GCS",95,91,1,9,2,"LIVE",0,1,16,7,3,6,0,1,1,0,2,91
"CD_I1026001","Cara McCrossan","GCS",0,0,0,9,1,"LAST",0,1,0,0,0,0,0,0,0,0,0,0
"CD_I1026001","Cara McCrossan","GCS",0,0,-1,9,2,"LIVE",0,1,0,0,0,0,0,0,0,0,0,0
"CD_I1017322","Wallis Randell","GCS",56,86,0,9,1,"LAST",0,1,11,3,3,2,0,0,0,0,0,86
"CD_I1017322","Wallis Randell","GCS",21,75,1,9,2,"LIVE",0,1,5,1,1,1,0,0,1,0,0,75
"CD_I1022691","Ella K. Smith","GCS",23,59,0,9,1,"LAST",0,1,4,2,1,1,0,0,0,0,0,59
"CD_I1022691","Ella K. Smith","GCS",10,42,1,9,2,"LIVE",0,1,2,2,0,0,0,0,0,0,0,42
"CD_I1007030","Jamie Stanton","GCS",34,81,0,9,1,"LAST",0,1,4,0,1,3,0,0,0,1,1,81
"CD_I1007030","Jamie Stanton","GCS",35,76,1,9,2,"LIVE",0,1,4,1,2,3,0,0,1,1,0,76
"CD_I1029613","Georgia Clayden","GCS",50,90,0,9,1,"LAST",0,1,8,4,2,3,0,0,0,0,0,90
"CD_I1029613","Georgia Clayden","GCS",87,75,1,9,2,"LIVE",0,1,14,3,7,5,0,0,1,0,1,75
"CD_I1017304","Ashanti Bush","GCS",0,0,0,9,1,"LAST",0,1,0,0,0,0,0,0,0,0,0,0
"CD_I1017304","Ashanti Bush","GCS",0,0,-1,9,2,"LIVE",0,1,0,0,0,0,0,0,0,0,0,0
"CD_I1017314","Daisy D'Arcy","GCS",64,53,0,9,1,"LAST",0,1,7,6,3,6,0,0,1,0,1,53
"CD_I1017314","Daisy D'Arcy","GCS",85,81,1,9,2,"LIVE",0,1,16,9,2,3,0,1,0,0,0,81
"CD_I1005664","Jordan Membrey","GCS",28,74,0,9,1,"LAST",0,1,1,5,1,3,0,0,0,0,0,74
"CD_I1005664","Jordan Membrey","GCS",19,73,1,9,2,"LIVE",0,1,1,4,1,2,0,0,1,0,0,73
"CD_I1009880","Charlotte Wilson","GCS",45,84,0,9,1,"LAST",0,1,8,4,5,0,0,1,1,0,0,84
"CD_I1009880","Charlotte Wilson","GCS",26,96,1,9,2,"LIVE",0,1,2,2,1,3,0,1,0,0,0,96
"CD_I1024541","Sienna McMullen","GCS",0,0,0,9,1,"LAST",0,1,0,0,0,0,0,0,0,0,0,0
"CD_I1024541","Sienna McMullen","GCS",0,0,-1,9,2,"LIVE",0,1,0,0,0,0,0,0,0,0,0,0
"CD_I1022701","Alana Gee","GCS",0,0,0,9,1,"LAST",0,1,0,0,0,0,0,0,0,0,0,0
"CD_I1022701","Alana Gee","GCS",0,0,-1,9,2,"LIVE",0,1,0,0,0,0,0,0,0,0,0,0
"CD_I1022192","Meara Girvan","GCS",0,0,0,9,1,"LAST",0,1,0,0,0,0,0,0,0,0,0,0
"CD_I1022192","Meara Girvan","GCS",0,0,-1,9,2,"LIVE",0,1,0,0,0,0,0,0,0,0,0,0
"CD_I1026105","Kiara Bischa","GCS",14,74,0,9,1,"LAST",0,1,2,2,1,1,0,0,1,0,0,74
"CD_I1026105","Kiara Bischa","GCS",10,70,1,9,2,"LIVE",0,1,2,5,0,0,0,0,2,0,0,70
"CD_I1025163","Jacqueline Dupuy","GCS",27,82,0,9,1,"LAST",0,1,3,2,2,1,4,0,0,0,0,82
"CD_I1025163","Jacqueline Dupuy","GCS",46,78,1,9,2,"LIVE",0,1,6,0,3,3,0,1,1,1,3,78
"CD_I1021929","Keely Fullerton","GCS",0,0,0,9,1,"LAST",0,1,0,0,0,0,0,0,0,0,0,0
"CD_I1021929","Keely Fullerton","GCS",0,0,-1,9,2,"LIVE",0,1,0,0,0,0,0,0,0,0,0,0
"CD_I1038793","Lauren McConville","GCS",0,0,0,9,1,"LAST",0,1,0,0,0,0,0,0,0,0,0,0
"CD_I1038793","Lauren McConville","GCS",0,0,-1,9,2,"LIVE",0,1,0,0,0,0,0,0,0,0,0,0
"CD_I1016956","Vivien Saad","GCS",0,0,0,9,1,"LAST",0,1,0,0,0,0,0,0,0,0,0,0
"CD_I1016956","Vivien Saad","GCS",0,0,-1,9,2,"LIVE",0,1,0,0,0,0,0,0,0,0,0,0
"CD_I1035370","Taya Oliver","GCS",0,0,0,9,1,"LAST",0,1,0,0,0,0,0,0,0,0,0,0
"CD_I1035370","Taya Oliver","GCS",0,0,-1,9,2,"LIVE",0,1,0,0,0,0,0,0,0,0,0,0
"CD_I1009906","Mikayla Bowen","GEE",72,94,0,9,1,"LAST",0,1,7,6,1,7,0,1,0,1,1,94
"CD_I1009906","Mikayla Bowen","GEE",71,83,1,9,2,"LIVE",0,1,13,5,1,3,0,0,0,1,1,83
"CD_I1022689","Bella K. Smith","GEE",0,0,0,9,1,"LAST",0,1,0,0,0,0,0,0,0,0,0,0
"CD_I1022689","Bella K. Smith","GEE",0,0,-1,9,2,"LIVE",0,1,0,0,0,0,0,0,0,0,0,0
"CD_I997709","Amy McDonald","GEE",111,84,0,9,1,"LAST",0,1,16,12,1,9,0,0,0,0,0,84
"CD_I997709","Amy McDonald","GEE",90,85,1,9,2,"LIVE",0,1,13,14,1,5,0,0,0,0,0,85
"CD_I1015181","Darcy Moloney","GEE",39,55,0,9,1,"LAST",0,1,5,13,1,1,0,0,3,0,0,55
"CD_I1015181","Darcy Moloney","GEE",59,61,1,9,2,"LIVE",0,1,9,7,2,2,0,1,1,1,0,61
"CD_I1018405","Jacqueline Parry","GEE",73,98,0,9,1,"LAST",0,1,9,4,2,4,0,3,0,2,1,98
"CD_I1018405","Jacqueline Parry","GEE",58,91,1,9,2,"LIVE",0,1,3,4,2,8,2,1,0,0,0,91
"CD_I1012640","Julia Crockett-Grills","GEE",69,81,0,9,1,"LAST",0,1,9,8,4,4,0,1,1,0,0,81
"CD_I1012640","Julia Crockett-Grills","GEE",42,77,1,9,2,"LIVE",0,1,9,2,2,1,0,1,0,0,0,77
"CD_I1018955","Kate Surman","GEE",24,70,0,9,1,"LAST",0,1,0,6,0,3,0,0,0,0,0,70
"CD_I1018955","Kate Surman","GEE",54,71,1,9,2,"LIVE",0,1,6,2,3,6,0,1,1,0,1,71
"CD_I1007001","Kate Darby","GEE",68,61,0,9,1,"LAST",0,1,4,1,3,8,13,0,0,0,0,61
"CD_I1007001","Kate Darby","GEE",35,62,1,9,2,"LIVE",0,1,4,0,2,1,13,0,0,0,0,62
"CD_I1009863","Nina Morrison","GEE",79,86,0,9,1,"LAST",0,1,7,11,2,6,0,0,0,1,0,86
"CD_I1009863","Nina Morrison","GEE",85,80,1,9,2,"LIVE",0,1,10,10,5,4,0,1,1,1,0,80
"CD_I1013933","Georgie Rankin","GEE",13,66,0,9,1,"LAST",0,1,1,4,0,1,0,1,1,0,0,66
"CD_I1013933","Georgie Rankin","GEE",0,0,-1,9,2,"LIVE",0,1,0,0,0,0,0,0,0,0,0,0
"CD_I1007155","Meghan McDonald","GEE",12,64,0,9,1,"LAST",0,1,0,6,0,0,0,0,0,0,0,64
"CD_I1007155","Meghan McDonald","GEE",6,78,1,9,2,"LIVE",0,1,2,1,0,0,0,1,1,0,0,78
"CD_I1036082","Kate Kenny","GEE",39,91,0,9,1,"LAST",0,1,5,4,2,1,0,0,0,1,0,91
"CD_I1036082","Kate Kenny","GEE",20,74,1,9,2,"LIVE",0,1,1,6,0,2,0,0,1,0,0,74
"CD_I1009778","Olivia Fuller","GEE",0,0,0,9,1,"LAST",0,1,0,0,0,0,0,0,0,0,0,0
"CD_I1009778","Olivia Fuller","GEE",0,0,-1,9,2,"LIVE",0,1,0,0,0,0,0,0,0,0,0,0
"CD_I1007342","Chloe Scheer","GEE",0,0,0,9,1,"LAST",0,1,0,0,0,0,0,0,0,0,0,0
"CD_I1007342","Chloe Scheer","GEE",0,0,-1,9,2,"LIVE",0,1,0,0,0,0,0,0,0,0,0,0
"CD_I1007028","Shelley Scott","GEE",24,69,0,9,1,"LAST",0,1,5,1,1,1,0,0,0,0,0,69
"CD_I1007028","Shelley Scott","GEE",16,76,1,9,2,"LIVE",0,1,3,3,1,0,0,0,1,0,1,76
"CD_I1012560","Chantel Emonson","GEE",53,86,0,9,1,"LAST",0,1,11,2,4,1,0,0,0,0,0,86
"CD_I1012560","Chantel Emonson","GEE",48,100,1,9,2,"LIVE",0,1,11,3,1,2,0,1,1,0,0,100
"CD_I1033161","Anna-Rose Kennedy","GEE",24,92,0,9,1,"LAST",0,1,8,0,0,0,0,0,0,0,0,92
"CD_I1033161","Anna-Rose Kennedy","GEE",26,93,1,9,2,"LIVE",0,1,6,1,2,0,0,0,0,0,0,93
"CD_I1019788","Brooke Plummer","GEE",0,0,0,9,1,"LAST",0,1,0,0,0,0,0,0,0,0,0,0
"CD_I1019788","Brooke Plummer","GEE",9,40,1,9,2,"LIVE",0,1,1,1,0,1,0,0,0,0,0,40
"CD_I1014785","Zali Friswell","GEE",78,78,0,9,1,"LAST",0,1,7,12,6,4,0,2,1,0,0,78
"CD_I1014785","Zali Friswell","GEE",87,72,1,9,2,"LIVE",0,1,8,10,5,7,0,0,0,0,0,72
"CD_I1009860","Rebecca Webster","GEE",89,90,0,9,1,"LAST",0,1,14,6,2,7,0,1,0,0,0,90
"CD_I1009860","Rebecca Webster","GEE",50,91,1,9,2,"LIVE",0,1,9,9,2,2,0,0,3,0,0,91
"CD_I1024296","Rachel Kearns","GEE",32,62,0,9,1,"LAST",0,1,5,1,0,2,0,1,0,1,0,62
"CD_I1024296","Rachel Kearns","GEE",0,0,-1,9,2,"LIVE",0,1,0,0,0,0,0,0,0,0,0,0
"CD_I1021927","Bryde O'Rourke","GEE",0,0,0,9,1,"LAST",0,1,0,0,0,0,0,0,0,0,0,0
"CD_I1021927","Bryde O'Rourke","GEE",0,0,-1,9,2,"LIVE",0,1,0,0,0,0,0,0,0,0,0,0
"CD_I1026947","Chantal Mason","GEE",0,0,0,9,1,"LAST",0,1,0,0,0,0,0,0,0,0,0,0
"CD_I1026947","Chantal Mason","GEE",0,0,-1,9,2,"LIVE",0,1,0,0,0,0,0,0,0,0,0,0
"CD_I1021454","Caitlin Thorne","GEE",0,0,0,9,1,"LAST",0,1,0,0,0,0,0,0,0,0,0,0
"CD_I1021454","Caitlin Thorne","GEE",0,0,-1,9,2,"LIVE",0,1,0,0,0,0,0,0,0,0,0,0
"CD_I1022127","Claudia Gunjaca","GEE",45,68,0,9,1,"LAST",0,1,8,1,3,3,0,1,1,0,0,68
"CD_I1022127","Claudia Gunjaca","GEE",48,97,1,9,2,"LIVE",0,1,7,4,2,3,0,1,0,0,0,97
"CD_I1021465","Lilly Pearce","GEE",0,0,0,9,1,"LAST",0,1,0,0,0,0,0,0,0,0,0,0
"CD_I1021465","Lilly Pearce","GEE",0,0,-1,9,2,"LIVE",0,1,0,0,0,0,0,0,0,0,0,0
"CD_I1015193","Gabbi Featherston","GEE",38,48,0,9,1,"LAST",0,1,3,5,1,3,7,0,1,0,0,48
"CD_I1015193","Gabbi Featherston","GEE",33,38,1,9,2,"LIVE",0,1,5,0,1,3,4,1,1,0,1,38
"CD_I1019668","Abbey McDonald","GEE",0,0,0,9,1,"LAST",0,1,0,0,0,0,0,0,0,0,0,0
"CD_I1019668","Abbey McDonald","GEE",19,48,1,9,2,"LIVE",0,1,3,2,2,0,0,0,0,0,0,48
"CD_I1014810","Georgie Prespakis","GEE",70,77,0,9,1,"LAST",0,1,13,8,0,5,0,1,2,0,0,77
"CD_I1014810","Georgie Prespakis","GEE",39,88,1,9,2,"LIVE",0,1,7,4,0,4,0,0,2,0,0,88
"CD_I1026012","Melissa Bragg","GEE",0,0,0,9,1,"LAST",0,1,0,0,0,0,0,0,0,0,0,0
"CD_I1026012","Melissa Bragg","GEE",0,0,-1,9,2,"LIVE",0,1,0,0,0,0,0,0,0,0,0,0
"CD_I1033166","Aishling Moloney","GEE",37,79,0,9,1,"LAST",0,1,8,2,2,1,0,1,1,0,1,79
"CD_I1033166","Aishling Moloney","GEE",65,94,1,9,2,"LIVE",0,1,9,6,2,4,0,1,3,2,0,94
"CD_I1010675","Erin Hoare","GEE",0,0,0,9,1,"LAST",0,1,0,0,0,0,0,0,0,0,0,0
"CD_I1010675","Erin Hoare","GEE",0,0,-1,9,2,"LIVE",0,1,0,0,0,0,0,0,0,0,0,0
"CD_I1017323","Annise Bradfield","GWS",0,0,0,9,1,"LAST",0,1,0,0,0,0,0,0,0,0,0,0
"CD_I1017323","Annise Bradfield","GWS",0,0,-1,9,2,"LIVE",0,1,0,0,0,0,0,0,0,0,0,0
"CD_I998029","Alicia Eva","GWS",59,81,0,9,1,"LAST",0,1,10,3,4,3,0,0,1,0,2,81
"CD_I998029","Alicia Eva","GWS",31,77,1,9,2,"LIVE",0,1,4,3,2,1,0,0,1,1,0,77
"CD_I1009799","Alyce Parker","GWS",94,100,0,9,1,"LAST",0,1,17,12,4,4,0,0,5,1,0,100
"CD_I1009799","Alyce Parker","GWS",124,100,1,9,2,"LIVE",0,1,18,9,4,10,0,2,1,0,1,100
"CD_I997733","Katherine Smith","GWS",34,100,0,9,1,"LAST",0,1,6,4,3,1,1,0,2,0,0,100
"CD_I997733","Katherine Smith","GWS",35,100,1,9,2,"LIVE",0,1,3,6,3,2,0,0,1,0,0,100
"CD_I1022736","Jessica Doyle","GWS",39,56,0,9,1,"LAST",0,1,5,4,3,1,2,1,0,0,0,56
"CD_I1022736","Jessica Doyle","GWS",0,0,-1,9,2,"LIVE",0,1,0,0,0,0,0,0,0,0,0,0
"CD_I1005453","Rebecca Beeson","GWS",87,68,0,9,1,"LAST",0,1,11,9,3,6,0,1,0,0,2,68
"CD_I1005453","Rebecca Beeson","GWS",76,70,1,9,2,"LIVE",0,1,9,11,3,6,0,0,2,0,0,70
"CD_I1022358","Zarlie Goldsworthy","GWS",117,100,0,9,1,"LAST",0,1,10,8,4,8,0,2,0,4,1,100
"CD_I1022358","Zarlie Goldsworthy","GWS",87,100,1,9,2,"LIVE",0,1,8,5,3,9,0,1,0,1,1,100
"CD_I1005452","Nicola Barr","GWS",116,81,0,9,1,"LAST",0,1,16,13,8,4,0,2,0,0,0,81
"CD_I1005452","Nicola Barr","GWS",72,77,1,9,2,"LIVE",0,1,9,13,3,3,0,1,1,0,0,77
"CD_I1022697","Caitlin Miller","GWS",0,0,0,9,1,"LAST",0,1,0,0,0,0,0,0,0,0,0,0
"CD_I1022697","Caitlin Miller","GWS",0,0,-1,9,2,"LIVE",0,1,0,0,0,0,0,0,0,0,0,0
"CD_I1007006","Jasmine Grierson","GWS",40,56,0,9,1,"LAST",0,1,7,0,5,1,0,0,0,0,0,56
"CD_I1007006","Jasmine Grierson","GWS",49,57,1,9,2,"LIVE",0,1,6,8,3,2,0,1,1,0,0,57
"CD_I1012549","Chloe Dalton","GWS",0,0,0,9,1,"LAST",0,1,0,0,0,0,0,0,0,0,0,0
"CD_I1012549","Chloe Dalton","GWS",0,0,-1,9,2,"LIVE",0,1,0,0,0,0,0,0,0,0,0,0
"CD_I997725","Isabel Huntington","GWS",54,84,0,9,1,"LAST",0,1,7,5,5,2,0,0,0,0,0,84
"CD_I997725","Isabel Huntington","GWS",51,88,1,9,2,"LIVE",0,1,3,9,4,3,0,0,0,0,0,88
"CD_I1021436","Mikayla Pauga","GWS",49,75,0,9,1,"LAST",0,1,4,10,2,2,0,3,0,0,0,75
"CD_I1021436","Mikayla Pauga","GWS",42,75,1,9,2,"LIVE",0,1,6,3,1,3,0,0,1,1,0,75
"CD_I1026320","Kaitlyn Srhoj","GWS",65,81,0,9,1,"LAST",0,1,8,6,5,4,0,0,1,0,1,81
"CD_I1026320","Kaitlyn Srhoj","GWS",53,52,1,9,2,"LIVE",0,1,3,7,0,7,0,2,0,0,0,52
"CD_I1036083","Eilish O'Dowd","GWS",60,63,0,9,1,"LAST",0,1,2,11,1,3,5,0,0,2,0,63
"CD_I1036083","Eilish O'Dowd","GWS",76,91,1,9,2,"LIVE",0,1,8,12,1,2,19,1,1,0,0,91
"CD_I1007151","Aleisha Newman","GWS",0,0,0,9,1,"LAST",0,1,0,0,0,0,0,0,0,0,0,0
"CD_I1007151","Aleisha Newman","GWS",0,0,-1,9,2,"LIVE",0,1,0,0,0,0,0,0,0,0,0,0
"CD_I1009822","Georgia Garnett","GWS",67,79,0,9,1,"LAST",0,1,7,7,4,2,0,0,0,2,0,79
"CD_I1009822","Georgia Garnett","GWS",24,64,1,9,2,"LIVE",0,1,4,6,1,0,0,0,1,0,0,64
"CD_I1017292","Tarni Evans","GWS",63,76,0,9,1,"LAST",0,1,8,2,4,3,0,2,0,1,3,76
"CD_I1017292","Tarni Evans","GWS",35,90,1,9,2,"LIVE",0,1,5,1,1,5,0,1,2,0,0,90
"CD_I1021827","Indigo Linde","GWS",0,0,0,9,1,"LAST",0,1,0,0,0,0,0,0,0,0,0,0
"CD_I1021827","Indigo Linde","GWS",0,0,-1,9,2,"LIVE",0,1,0,0,0,0,0,0,0,0,0,0
"CD_I1024584","Fleur Davies","GWS",0,0,0,9,1,"LAST",0,1,0,0,0,0,0,0,0,0,0,0
"CD_I1024584","Fleur Davies","GWS",0,0,-1,9,2,"LIVE",0,1,0,0,0,0,0,0,0,0,0,0
"CD_I1001688","Pepa Randall","GWS",62,95,0,9,1,"LAST",0,1,9,4,6,2,0,1,0,0,0,95
"CD_I1001688","Pepa Randall","GWS",27,100,1,9,2,"LIVE",0,1,3,3,2,1,2,0,0,0,0,100
"CD_I1019848","Meghan Gaffney","GWS",19,54,0,9,1,"LAST",0,1,3,3,1,0,0,1,0,0,0,54
"CD_I1019848","Meghan Gaffney","GWS",13,49,1,9,2,"LIVE",0,1,1,3,0,1,0,0,0,0,0,49
"CD_I1021894","Madison Brazendale","GWS",27,65,0,9,1,"LAST",0,1,5,2,1,2,0,0,1,0,0,65
"CD_I1021894","Madison Brazendale","GWS",38,74,1,9,2,"LIVE",0,1,4,4,0,3,0,0,0,1,0,74
"CD_I1009801","Haneen Zreika","GWS",47,62,0,9,1,"LAST",0,1,6,5,1,3,0,3,0,0,1,62
"CD_I1009801","Haneen Zreika","GWS",29,69,1,9,2,"LIVE",0,1,1,3,0,5,0,0,0,0,0,69
"CD_I1029617","Cambridge McCormick","GWS",32,74,0,9,1,"LAST",0,1,4,4,2,2,1,0,1,0,0,74
"CD_I1029617","Cambridge McCormick","GWS",73,71,1,9,2,"LIVE",0,1,9,6,3,5,1,3,0,0,1,71
"CD_I1019849","Claire Ransom","GWS",25,59,0,9,1,"LAST",0,1,1,7,1,2,0,0,1,0,0,59
"CD_I1019849","Claire Ransom","GWS",23,78,1,9,2,"LIVE",0,1,3,1,0,4,0,2,2,0,0,78
"CD_I1015105","Daisy Walker","GWS",0,0,0,9,1,"LAST",0,1,0,0,0,0,0,0,0,0,0,0
"CD_I1015105","Daisy Walker","GWS",0,0,-1,9,2,"LIVE",0,1,0,0,0,0,0,0,0,0,0,0
"CD_I1033167","Courtney Murphy","GWS",0,0,0,9,1,"LAST",0,1,0,0,0,0,0,0,0,0,0,0
"CD_I1033167","Courtney Murphy","GWS",6,34,1,9,2,"LIVE",0,1,1,0,0,1,1,1,1,0,0,34
"CD_I1022723","Brodee Mowbray","GWS",0,0,0,9,1,"LAST",0,1,0,0,0,0,0,0,0,0,0,0
"CD_I1022723","Brodee Mowbray","GWS",0,0,-1,9,2,"LIVE",0,1,0,0,0,0,0,0,0,0,0,0
"CD_I1017286","Emily Pease","GWS",59,91,0,9,1,"LAST",0,1,9,4,4,3,0,0,0,0,0,91
"CD_I1017286","Emily Pease","GWS",62,84,1,9,2,"LIVE",0,1,8,7,1,5,1,0,0,0,0,84
"CD_I1023564","Jemma Ramsdale","GWS",0,0,0,9,1,"LAST",0,1,0,0,0,0,0,0,0,0,0,0
"CD_I1023564","Jemma Ramsdale","GWS",0,0,-1,9,2,"LIVE",0,1,0,0,0,0,0,0,0,0,0,0
"CD_I998155","Emily Bates","HAW",60,84,0,9,1,"LAST",0,1,10,3,0,8,0,1,5,1,0,84
"CD_I998155","Emily Bates","HAW",0,0,-1,9,2,"LIVE",0,1,0,0,0,0,0,0,0,0,0,0
"CD_I1022111","Eliza West","HAW",106,85,0,9,1,"LAST",0,1,6,23,0,10,0,2,0,0,0,85
"CD_I1022111","Eliza West","HAW",68,84,1,9,2,"LIVE",0,1,7,9,2,5,0,0,1,1,0,84
"CD_I1019035","Greta Bodey","HAW",77,92,0,9,1,"LAST",0,1,9,5,2,6,0,0,0,1,4,92
"CD_I1019035","Greta Bodey","HAW",43,87,1,9,2,"LIVE",0,1,6,7,0,2,0,0,1,1,0,87
"CD_I1009798","Mattea Breed","HAW",69,71,0,9,1,"LAST",0,1,10,3,3,5,0,0,1,1,1,71
"CD_I1009798","Mattea Breed","HAW",52,67,1,9,2,"LIVE",0,1,5,10,1,4,0,1,3,1,0,67
"CD_I1019821","Jasmine Fleming","HAW",52,76,0,9,1,"LAST",0,1,10,6,2,1,0,0,0,0,0,76
"CD_I1019821","Jasmine Fleming","HAW",78,76,1,9,2,"LIVE",0,1,14,5,2,6,0,2,2,0,0,76
"CD_I1021824","Hayley McLaughlin","HAW",0,0,0,9,1,"LAST",0,1,0,0,0,0,0,0,0,0,0,0
"CD_I1021824","Hayley McLaughlin","HAW",12,48,1,9,2,"LIVE",0,1,2,3,0,0,0,0,0,0,0,48
"CD_I1018953","Aileen Gilroy","HAW",72,90,0,9,1,"LAST",0,1,12,4,2,3,0,0,1,2,1,90
"CD_I1018953","Aileen Gilroy","HAW",59,82,1,9,2,"LIVE",0,1,11,0,1,2,0,1,0,2,2,82
"CD_I1022104","Tahlia Fellows","HAW",0,0,0,9,1,"LAST",0,1,0,0,0,0,0,0,0,0,0,0
"CD_I1022104","Tahlia Fellows","HAW",0,0,-1,9,2,"LIVE",0,1,0,0,0,0,0,0,0,0,0,0
"CD_I1015147","Charlotte Baskaran","HAW",34,53,0,9,1,"LAST",0,1,3,5,1,3,0,0,0,0,0,53
"CD_I1015147","Charlotte Baskaran","HAW",46,82,1,9,2,"LIVE",0,1,5,6,0,4,0,2,2,1,1,82
"CD_I997649","Kaitlyn Ashmore","HAW",64,79,0,9,1,"LAST",0,1,9,3,4,4,0,2,0,0,1,79
"CD_I997649","Kaitlyn Ashmore","HAW",55,74,1,9,2,"LIVE",0,1,9,5,3,2,0,1,0,0,0,74
"CD_I1014869","Jenna Richardson","HAW",40,89,0,9,1,"LAST",0,1,4,5,3,3,0,0,1,0,0,89
"CD_I1014869","Jenna Richardson","HAW",31,89,1,9,2,"LIVE",0,1,2,5,1,3,0,0,0,0,0,89
"CD_I296141","Louise Stephenson","HAW",0,0,0,9,1,"LAST",0,1,0,0,0,0,0,0,0,0,0,0
"CD_I296141","Louise Stephenson","HAW",0,0,-1,9,2,"LIVE",0,1,0,0,0,0,0,0,0,0,0,0
"CD_I1029626","Aine McDonagh","HAW",54,82,0,9,1,"LAST",0,1,6,6,3,1,1,1,1,2,0,82
"CD_I1029626","Aine McDonagh","HAW",45,82,1,9,2,"LIVE",0,1,5,3,2,2,0,0,1,2,1,82
"CD_I1012575","Casey Sherriff","HAW",67,79,0,9,1,"LAST",0,1,12,3,1,3,0,1,1,2,0,79
"CD_I1012575","Casey Sherriff","HAW",51,60,1,9,2,"LIVE",0,1,9,0,3,3,0,0,1,1,0,60
"CD_I1014885","Bridget Deed","HAW",0,0,0,9,1,"LAST",0,1,0,0,0,0,0,0,0,0,0,0
"CD_I1014885","Bridget Deed","HAW",0,0,-1,9,2,"LIVE",0,1,0,0,0,0,0,0,0,0,0,0
"CD_I1005866","Ainslie Kemp","HAW",56,82,0,9,1,"LAST",0,1,11,1,4,2,0,1,0,0,0,82
"CD_I1005866","Ainslie Kemp","HAW",50,85,1,9,2,"LIVE",0,1,11,1,3,1,0,2,0,0,0,85
"CD_I1019700","Mackenzie Eardley","HAW",0,0,0,9,1,"LAST",0,1,0,0,0,0,0,0,0,0,0,0
"CD_I1019700","Mackenzie Eardley","HAW",71,70,1,9,2,"LIVE",0,1,14,1,5,3,0,0,0,0,0,70
"CD_I1007017","Tilly Lucas-Rodd","HAW",63,82,0,9,1,"LAST",0,1,13,4,2,3,0,0,1,0,1,82
"CD_I1007017","Tilly Lucas-Rodd","HAW",108,88,1,9,2,"LIVE",0,1,18,9,9,2,0,1,0,0,0,88
"CD_I1019830","Bridie Hipwell","HAW",34,70,0,9,1,"LAST",0,1,3,4,0,5,0,0,1,0,0,70
"CD_I1019830","Bridie Hipwell","HAW",79,87,1,9,2,"LIVE",0,1,7,5,5,7,0,1,1,1,1,87
"CD_I1019883","Laura Elliott","HAW",8,62,0,9,1,"LAST",0,1,0,2,1,1,0,0,1,0,0,62
"CD_I1019883","Laura Elliott","HAW",0,0,-1,9,2,"LIVE",0,1,0,0,0,0,0,0,0,0,0,0
"CD_I1014984","Sophie Locke","HAW",0,0,0,9,1,"LAST",0,1,0,0,0,0,0,0,0,0,0,0
"CD_I1014984","Sophie Locke","HAW",0,0,-1,9,2,"LIVE",0,1,0,0,0,0,0,0,0,0,0,0
"CD_I1021837","Laura Stone","HAW",37,59,0,9,1,"LAST",0,1,5,5,1,2,0,0,0,0,1,59
"CD_I1021837","Laura Stone","HAW",27,73,1,9,2,"LIVE",0,1,3,2,0,3,0,2,0,0,0,73
"CD_I1021844","Jess Vukic","HAW",22,48,0,9,1,"LAST",0,1,2,3,0,2,8,0,2,0,0,48
"CD_I1021844","Jess Vukic","HAW",27,53,1,9,2,"LIVE",0,1,3,2,0,2,7,2,1,0,0,53
"CD_I1013015","Tamara Smith","HAW",50,71,0,9,1,"LAST",0,1,5,4,2,5,0,1,0,0,0,71
"CD_I1013015","Tamara Smith","HAW",66,88,1,9,2,"LIVE",0,1,7,4,4,7,0,0,1,0,0,88
"CD_I1025507","Emily Everist","HAW",42,100,0,9,1,"LAST",0,1,7,3,0,3,0,3,0,0,0,100
"CD_I1025507","Emily Everist","HAW",45,72,1,9,2,"LIVE",0,1,5,3,1,6,0,0,1,0,0,72
"CD_I1033156","Casey Dumont","HAW",0,0,0,9,1,"LAST",0,1,0,0,0,0,0,0,0,0,0,0
"CD_I1033156","Casey Dumont","HAW",0,0,-1,9,2,"LIVE",0,1,0,0,0,0,0,0,0,0,0,0
"CD_I1021822","Mikayla Williamson","HAW",43,75,0,9,1,"LAST",0,1,6,3,2,4,0,0,1,0,0,75
"CD_I1021822","Mikayla Williamson","HAW",45,73,1,9,2,"LIVE",0,1,5,3,2,3,0,0,0,1,0,73
"CD_I1021819","Sophie Butterworth","HAW",0,0,0,9,1,"LAST",0,1,0,0,0,0,0,0,0,0,0,0
"CD_I1021819","Sophie Butterworth","HAW",0,0,-1,9,2,"LIVE",0,1,0,0,0,0,0,0,0,0,0,0
"CD_I1026929","Lucy Wales","HAW",60,69,0,9,1,"LAST",0,1,8,2,1,2,20,0,0,0,1,69
"CD_I1026929","Lucy Wales","HAW",83,78,1,9,2,"LIVE",0,1,6,4,2,7,29,0,2,0,0,78
"CD_I1010658","Kristy Stratton","HAW",0,0,0,9,1,"LAST",0,1,0,0,0,0,0,0,0,0,0,0
"CD_I1010658","Kristy Stratton","HAW",0,0,-1,9,2,"LIVE",0,1,0,0,0,0,0,0,0,0,0,0
"CD_I1019713","Georgia Campbell","MEL",0,0,0,9,1,"LAST",0,1,0,0,0,0,0,0,0,0,0,0
"CD_I1019713","Georgia Campbell","MEL",48,66,1,9,2,"LIVE",0,1,3,4,1,3,21,1,2,0,0,66
"CD_I1021828","Alyssia Pisano","MEL",0,0,0,9,1,"LAST",0,1,0,0,0,0,0,0,0,0,0,0
"CD_I1021828","Alyssia Pisano","MEL",17,50,1,9,2,"LIVE",0,1,2,1,1,0,0,0,0,1,0,50
"CD_I998149","Paxy Paxman","MEL",43,87,0,9,1,"LAST",0,1,8,7,1,2,0,0,2,0,0,87
"CD_I998149","Paxy Paxman","MEL",60,76,1,9,2,"LIVE",0,1,12,5,3,1,0,1,0,0,0,76
"CD_I1009853","Tyla Hanks","MEL",73,76,0,9,1,"LAST",0,1,10,8,1,6,0,0,0,0,0,76
"CD_I1009853","Tyla Hanks","MEL",50,69,1,9,2,"LIVE",0,1,12,4,3,0,0,0,1,0,0,69
"CD_I1014367","Alyssa Bannan","MEL",24,84,0,9,1,"LAST",0,1,6,1,1,1,0,0,1,0,0,84
"CD_I1014367","Alyssa Bannan","MEL",42,90,1,9,2,"LIVE",0,1,6,1,2,4,0,0,0,0,0,90
"CD_I998039","Tayla Harris","MEL",19,52,0,9,1,"LAST",0,1,2,0,1,2,1,1,0,0,0,52
"CD_I998039","Tayla Harris","MEL",0,0,-1,9,2,"LIVE",0,1,0,0,0,0,0,0,0,0,0,0
"CD_I1007011","Sarah Lampard","MEL",42,74,0,9,1,"LAST",0,1,9,4,2,1,0,0,1,0,0,74
"CD_I1007011","Sarah Lampard","MEL",43,77,1,9,2,"LIVE",0,1,7,4,3,2,0,0,1,0,0,77
"CD_I1015025","Georgia Gall","MEL",0,0,0,9,1,"LAST",0,1,0,0,0,0,0,0,0,0,0,0
"CD_I1015025","Georgia Gall","MEL",0,0,-1,9,2,"LIVE",0,1,0,0,0,0,0,0,0,0,0,0
"CD_I1009980","Kate Hore","MEL",100,92,0,9,1,"LAST",0,1,17,6,5,1,0,0,0,3,0,92
"CD_I1009980","Kate Hore","MEL",83,96,1,9,2,"LIVE",0,1,7,3,4,10,0,1,1,1,0,96
"CD_I1009861","Olivia Purcell","MEL",0,0,0,9,1,"LAST",0,1,0,0,0,0,0,0,0,0,0,0
"CD_I1009861","Olivia Purcell","MEL",0,0,-1,9,2,"LIVE",0,1,0,0,0,0,0,0,0,0,0,0
"CD_I1025567","Delany Madigan","MEL",0,0,0,9,1,"LAST",0,1,0,0,0,0,0,0,0,0,0,0
"CD_I1025567","Delany Madigan","MEL",0,0,-1,9,2,"LIVE",0,1,0,0,0,0,0,0,0,0,0,0
"CD_I1035371","Ryleigh Wotherspoon","MEL",29,62,0,9,1,"LAST",0,1,3,2,1,3,0,1,0,0,0,62
"CD_I1035371","Ryleigh Wotherspoon","MEL",25,44,1,9,2,"LIVE",0,1,4,1,1,2,0,0,0,0,0,44
"CD_I1015029","Maeve Chaplin","MEL",53,89,0,9,1,"LAST",0,1,9,5,3,3,0,1,2,0,0,89
"CD_I1015029","Maeve Chaplin","MEL",44,83,1,9,2,"LIVE",0,1,5,5,3,3,0,1,1,0,0,83
"CD_I997708","Lily Mithen","MEL",64,80,0,9,1,"LAST",0,1,7,3,2,8,0,2,1,0,0,80
"CD_I997708","Lily Mithen","MEL",31,78,1,9,2,"LIVE",0,1,3,3,1,4,0,0,1,0,0,78
"CD_I1005863","Lauren Pearce","MEL",72,73,0,9,1,"LAST",0,1,5,12,1,1,26,0,0,0,0,73
"CD_I1005863","Lauren Pearce","MEL",0,0,-1,9,2,"LIVE",0,1,0,0,0,0,0,0,0,0,0,0
"CD_I1036084","Grace Beasley","MEL",52,63,0,9,1,"LAST",0,1,6,9,1,3,0,0,0,0,1,63
"CD_I1036084","Grace Beasley","MEL",57,66,1,9,2,"LIVE",0,1,7,3,1,7,0,1,1,0,1,66
"CD_I1014793","Tahlia Gillard","MEL",29,98,0,9,1,"LAST",0,1,2,8,2,1,0,0,1,0,0,98
"CD_I1014793","Tahlia Gillard","MEL",20,100,1,9,2,"LIVE",0,1,3,2,2,1,0,0,1,0,0,100
"CD_I1009854","Denby Taylor","MEL",0,0,0,9,1,"LAST",0,1,0,0,0,0,0,0,0,0,0,0
"CD_I1009854","Denby Taylor","MEL",0,0,-1,9,2,"LIVE",0,1,0,0,0,0,0,0,0,0,0,0
"CD_I1030006","Grace Hill","MEL",14,62,0,9,1,"LAST",0,1,1,3,0,1,1,0,0,0,0,62
"CD_I1030006","Grace Hill","MEL",20,73,1,9,2,"LIVE",0,1,3,1,0,2,0,1,0,0,0,73
"CD_I1033162","Aimee Mackin","MEL",0,0,0,9,1,"LAST",0,1,0,0,0,0,0,0,0,0,0,0
"CD_I1033162","Aimee Mackin","MEL",0,0,-1,9,2,"LIVE",0,1,0,0,0,0,0,0,0,0,0,0
"CD_I1015088","Eliza McNamara","MEL",79,85,0,9,1,"LAST",0,1,13,8,1,5,0,1,0,0,0,85
"CD_I1015088","Eliza McNamara","MEL",69,87,1,9,2,"LIVE",0,1,8,4,5,7,0,0,2,0,0,87
"CD_I1018966","Sinead Goldrick","MEL",72,57,0,9,1,"LAST",0,1,9,5,1,6,0,1,0,1,1,57
"CD_I1018966","Sinead Goldrick","MEL",74,86,1,9,2,"LIVE",0,1,13,7,5,3,0,0,2,0,0,86
"CD_I1014904","Megan Fitzsimon","MEL",59,86,0,9,1,"LAST",0,1,6,7,3,5,0,1,1,0,0,86
"CD_I1014904","Megan Fitzsimon","MEL",34,79,1,9,2,"LIVE",0,1,6,3,3,0,0,1,0,0,0,79
"CD_I1021845","Jacinta Hose","MEL",0,0,0,9,1,"LAST",0,1,0,0,0,0,0,0,0,0,0,0
"CD_I1021845","Jacinta Hose","MEL",0,0,-1,9,2,"LIVE",0,1,0,0,0,0,0,0,0,0,0,0
"CD_I1012734","Rhiannon Watt","MEL",37,27,0,9,1,"LAST",0,1,3,2,1,2,11,1,0,0,1,27
"CD_I1012734","Rhiannon Watt","MEL",28,34,1,9,2,"LIVE",0,1,2,1,0,3,7,1,0,0,0,34
"CD_I1029628","Saraid Taylor","MEL",0,0,0,9,1,"LAST",0,1,0,0,0,0,0,0,0,0,0,0
"CD_I1029628","Saraid Taylor","MEL",0,0,-1,9,2,"LIVE",0,1,0,0,0,0,0,0,0,0,0,0
"CD_I1009764","Eden Zanker","MEL",49,95,0,9,1,"LAST",0,1,4,2,3,5,1,0,1,1,0,95
"CD_I1009764","Eden Zanker","MEL",56,77,1,9,2,"LIVE",0,1,8,5,3,3,2,1,1,0,1,77
"CD_I1012713","Shelley Heath","MEL",64,91,0,9,1,"LAST",0,1,7,6,2,6,0,1,0,0,0,91
"CD_I1012713","Shelley Heath","MEL",61,91,1,9,2,"LIVE",0,1,4,6,1,9,0,1,1,0,0,91
"CD_I1029625","Blaithin Mackin","MEL",81,95,0,9,1,"LAST",0,1,18,7,1,2,0,1,2,1,1,95
"CD_I1029625","Blaithin Mackin","MEL",77,100,1,9,2,"LIVE",0,1,14,5,5,3,0,1,1,0,0,100
"CD_I1010236","Gabrielle Colvin","MEL",8,71,0,9,1,"LAST",0,1,2,1,1,0,0,0,1,0,0,71
"CD_I1010236","Gabrielle Colvin","MEL",37,77,1,9,2,"LIVE",0,1,5,1,1,4,0,1,0,0,0,77
"CD_I1024636","Lily Johnson","MEL",0,0,0,9,1,"LAST",0,1,0,0,0,0,0,0,0,0,0,0
"CD_I1024636","Lily Johnson","MEL",0,0,-1,9,2,"LIVE",0,1,0,0,0,0,0,0,0,0,0,0
"CD_I1019806","Jemma Rigoni","MEL",0,0,0,9,1,"LAST",0,1,0,0,0,0,0,0,0,0,0,0
"CD_I1019806","Jemma Rigoni","MEL",0,0,-1,9,2,"LIVE",0,1,0,0,0,0,0,0,0,0,0,0
"CD_I1017514","Liz McGrath","NTH",0,0,0,9,1,"LAST",0,1,0,0,0,0,0,0,0,0,0,0
"CD_I1017514","Liz McGrath","NTH",0,0,-1,9,2,"LIVE",0,1,0,0,0,0,0,0,0,0,0,0
"CD_I1007157","Libby Birch","NTH",58,76,0,9,1,"LAST",0,1,10,1,7,1,0,1,0,0,0,76
"CD_I1007157","Libby Birch","NTH",58,94,1,9,2,"LIVE",0,1,8,7,5,1,0,1,0,0,0,94
"CD_I1015097","Bella Eddey","NTH",47,79,0,9,1,"LAST",0,1,6,3,2,1,0,0,0,2,1,79
"CD_I1015097","Bella Eddey","NTH",37,71,1,9,2,"LIVE",0,1,6,4,0,1,0,1,0,1,0,71
"CD_I1029619","Zoe Savarirayan","NTH",0,0,0,9,1,"LAST",0,1,0,0,0,0,0,0,0,0,0,0
"CD_I1029619","Zoe Savarirayan","NTH",0,0,-1,9,2,"LIVE",0,1,0,0,0,0,0,0,0,0,0,0
"CD_I1015175","Tess Craven","NTH",50,75,0,9,1,"LAST",0,1,10,0,3,3,0,2,1,0,0,75
"CD_I1015175","Tess Craven","NTH",28,66,1,9,2,"LIVE",0,1,2,4,0,2,0,0,0,1,0,66
"CD_I1019811","Alice O'Loughlin","NTH",81,86,0,9,1,"LAST",0,1,12,7,3,3,0,0,1,2,1,86
"CD_I1019811","Alice O'Loughlin","NTH",0,0,-1,9,2,"LIVE",0,1,0,0,0,0,0,0,0,0,0,0
"CD_I1010265","Ash Riddell","NTH",117,81,0,9,1,"LAST",0,1,20,11,5,5,0,0,2,1,0,81
"CD_I1010265","Ash Riddell","NTH",101,89,1,9,2,"LIVE",0,1,15,15,3,4,0,0,2,1,1,89
"CD_I1022885","Taylah Gatt","NTH",39,62,0,9,1,"LAST",0,1,4,5,0,5,0,0,1,0,0,62
"CD_I1022885","Taylah Gatt","NTH",21,83,1,9,2,"LIVE",0,1,2,1,0,4,0,0,1,0,0,83
"CD_I998150","Emma Kearney","NTH",57,77,0,9,1,"LAST",0,1,13,2,5,1,0,1,2,0,0,77
"CD_I998150","Emma Kearney","NTH",101,93,1,9,2,"LIVE",0,1,23,6,3,3,0,2,1,0,0,93
"CD_I1036302","Blaithin Bogue","NTH",0,0,0,9,1,"LAST",0,1,0,0,0,0,0,0,0,0,0,0
"CD_I1036302","Blaithin Bogue","NTH",0,0,-1,9,2,"LIVE",0,1,0,0,0,0,0,0,0,0,0,0
"CD_I997700","Eliza Shannon","NTH",0,0,0,9,1,"LAST",0,1,0,0,0,0,0,0,0,0,0,0
"CD_I997700","Eliza Shannon","NTH",0,0,-1,9,2,"LIVE",0,1,0,0,0,0,0,0,0,0,0,0
"CD_I1013120","Nicole Bresnehan","NTH",40,78,0,9,1,"LAST",0,1,4,8,4,0,0,0,0,0,0,78
"CD_I1013120","Nicole Bresnehan","NTH",38,78,1,9,2,"LIVE",0,1,4,7,0,3,0,0,0,0,0,78
"CD_I1029618","Vikki Wall","NTH",52,70,0,9,1,"LAST",0,1,4,4,0,5,0,2,1,2,1,70
"CD_I1029618","Vikki Wall","NTH",39,76,1,9,2,"LIVE",0,1,5,2,1,4,0,1,0,0,0,76
"CD_I1029615","Erika O'Shea","NTH",26,69,0,9,1,"LAST",0,1,2,4,1,3,0,0,1,0,0,69
"CD_I1029615","Erika O'Shea","NTH",0,0,-1,9,2,"LIVE",0,1,0,0,0,0,0,0,0,0,0,0
"CD_I1021528","Amy Smith","NTH",61,65,0,9,1,"LAST",0,1,8,7,5,2,0,0,0,0,0,65
"CD_I1021528","Amy Smith","NTH",57,61,1,9,2,"LIVE",0,1,5,6,2,6,0,0,0,0,0,61
"CD_I1003023","Tahlia Randall","NTH",47,91,0,9,1,"LAST",0,1,3,7,0,4,1,1,0,1,0,91
"CD_I1003023","Tahlia Randall","NTH",28,81,1,9,2,"LIVE",0,1,4,0,1,2,2,0,1,1,0,81
"CD_I1016904","Sarah Wright","NTH",18,100,0,9,1,"LAST",0,1,2,4,1,1,0,0,1,0,0,100
"CD_I1016904","Sarah Wright","NTH",45,90,1,9,2,"LIVE",0,1,6,5,3,2,0,0,0,0,0,90
"CD_I1026141","Ella Slocombe","NTH",0,0,0,9,1,"LAST",0,1,0,0,0,0,0,0,0,0,0,0
"CD_I1026141","Ella Slocombe","NTH",0,0,-1,9,2,"LIVE",0,1,0,0,0,0,0,0,0,0,0,0
"CD_I1015124","Ruby Tripodi","NTH",44,61,0,9,1,"LAST",0,1,5,7,4,2,0,0,2,0,1,61
"CD_I1015124","Ruby Tripodi","NTH",68,53,1,9,2,"LIVE",0,1,5,8,1,8,0,2,0,0,0,53
"CD_I1013442","Jasmine Ferguson","NTH",35,100,0,9,1,"LAST",0,1,4,3,4,2,0,0,1,0,0,100
"CD_I1013442","Jasmine Ferguson","NTH",34,100,1,9,2,"LIVE",0,1,5,3,2,2,0,2,1,0,0,100
"CD_I1036301","Sophie Kavanagh","NTH",0,0,0,9,1,"LAST",0,1,0,0,0,0,0,0,0,0,0,0
"CD_I1036301","Sophie Kavanagh","NTH",0,0,-1,9,2,"LIVE",0,1,0,0,0,0,0,0,0,0,0,0
"CD_I1009772","Mia King","NTH",68,84,0,9,1,"LAST",0,1,8,6,4,5,0,0,0,0,0,84
"CD_I1009772","Mia King","NTH",95,70,1,9,2,"LIVE",0,1,7,7,2,13,0,2,0,0,0,70
"CD_I1024294","Lulu Pullar","NTH",0,0,0,9,1,"LAST",0,1,0,0,0,0,0,0,0,0,0,0
"CD_I1024294","Lulu Pullar","NTH",0,0,-1,9,2,"LIVE",0,1,0,0,0,0,0,0,0,0,0,0
"CD_I296154","Jasmine Garner","NTH",103,74,0,9,1,"LAST",0,1,17,10,1,6,0,2,1,1,0,74
"CD_I296154","Jasmine Garner","NTH",130,88,1,9,2,"LIVE",0,1,22,11,2,9,0,1,1,0,2,88
"CD_I1010677","Kim Rennie","NTH",39,70,0,9,1,"LAST",0,1,3,2,1,1,17,2,0,0,0,70
"CD_I1010677","Kim Rennie","NTH",73,69,1,9,2,"LIVE",0,1,4,7,2,3,26,3,0,0,0,69
"CD_I1021834","Georgia Stubs","NTH",0,0,0,9,1,"LAST",0,1,0,0,0,0,0,0,0,0,0,0
"CD_I1021834","Georgia Stubs","NTH",0,0,-1,9,2,"LIVE",0,1,0,0,0,0,0,0,0,0,0,0
"CD_I1033163","Niamh Martin","NTH",41,72,0,9,1,"LAST",0,1,5,3,0,2,0,0,0,2,0,72
"CD_I1033163","Niamh Martin","NTH",25,72,1,9,2,"LIVE",0,1,5,0,3,1,0,0,1,0,0,72
"CD_I1022153","Lucy Burke","NTH",0,0,0,9,1,"LAST",0,1,0,0,0,0,0,0,0,0,0,0
"CD_I1022153","Lucy Burke","NTH",16,44,1,9,2,"LIVE",0,1,2,0,2,1,0,0,0,0,0,44
"CD_I1007138","Kate Shierlaw","NTH",62,65,0,9,1,"LAST",0,1,7,4,6,2,0,0,0,1,1,65
"CD_I1007138","Kate Shierlaw","NTH",45,83,1,9,2,"LIVE",0,1,8,2,4,0,0,1,1,1,1,83
"CD_I1003018","Jenna Bruton","NTH",0,0,0,9,1,"LAST",0,1,0,0,0,0,0,0,0,0,0,0
"CD_I1003018","Jenna Bruton","NTH",23,70,1,9,2,"LIVE",0,1,2,6,0,1,0,0,0,0,1,70
"CD_I1001686","Emma King","NTH",53,63,0,9,1,"LAST",0,1,4,5,1,4,20,1,3,0,0,63
"CD_I1001686","Emma King","NTH",47,67,1,9,2,"LIVE",0,1,5,2,4,1,15,0,1,0,0,67
"CD_I1007360","Ebony O'Dea","PTA",17,91,0,9,1,"LAST",0,1,3,1,2,0,0,0,0,0,0,91
"CD_I1007360","Ebony O'Dea","PTA",16,83,1,9,2,"LIVE",0,1,3,1,0,2,0,0,1,0,0,83
"CD_I1005378","Angela Foley","PTA",37,78,0,9,1,"LAST",0,1,11,0,0,1,0,0,0,0,0,78
"CD_I1005378","Angela Foley","PTA",56,74,1,9,2,"LIVE",0,1,13,0,1,3,0,1,0,0,1,74
"CD_I1022196","Piper Window","PTA",43,75,0,9,1,"LAST",0,1,3,3,0,7,0,0,0,0,0,75
"CD_I1022196","Piper Window","PTA",69,60,1,9,2,"LIVE",0,1,7,4,2,8,0,2,0,0,0,60
"CD_I1012241","Abbey Dowrick","PTA",60,80,0,9,1,"LAST",0,1,8,6,1,5,0,0,2,1,1,80
"CD_I1012241","Abbey Dowrick","PTA",82,78,1,9,2,"LIVE",0,1,11,3,4,7,0,2,0,0,1,78
"CD_I1022220","Molly Brooksby","PTA",47,72,0,9,1,"LAST",0,1,10,2,0,3,0,1,0,0,0,72
"CD_I1022220","Molly Brooksby","PTA",41,71,1,9,2,"LIVE",0,1,13,0,1,1,0,1,2,0,0,71
"CD_I1005264","Ashleigh Saint","PTA",63,82,0,9,1,"LAST",0,1,11,4,4,1,0,1,1,1,2,82
"CD_I1005264","Ashleigh Saint","PTA",38,83,1,9,2,"LIVE",0,1,6,3,0,3,1,0,0,0,1,83
"CD_I1019059","Maria Moloney","PTA",37,83,0,9,1,"LAST",0,1,6,5,2,3,0,0,3,0,0,83
"CD_I1019059","Maria Moloney","PTA",85,78,1,9,2,"LIVE",0,1,8,4,3,11,0,0,0,0,0,78
"CD_I1014624","Indy Tahau","PTA",0,0,0,9,1,"LAST",0,1,0,0,0,0,0,0,0,0,0,0
"CD_I1014624","Indy Tahau","PTA",0,0,-1,9,2,"LIVE",0,1,0,0,0,0,0,0,0,0,0,0
"CD_I1022776","Caitlin Wendland","PTA",54,70,0,9,1,"LAST",0,1,9,0,2,5,0,1,0,0,0,70
"CD_I1022776","Caitlin Wendland","PTA",41,68,1,9,2,"LIVE",0,1,3,1,1,8,0,1,2,0,0,68
"CD_I1019503","Hannah Ewings","PTA",0,0,0,9,1,"LAST",0,1,0,0,0,0,0,0,0,0,0,0
"CD_I1019503","Hannah Ewings","PTA",0,0,-1,9,2,"LIVE",0,1,0,0,0,0,0,0,0,0,0,0
"CD_I1012253","Jasmin Stewart","PTA",0,0,0,9,1,"LAST",0,1,0,0,0,0,0,0,0,0,0,0
"CD_I1012253","Jasmin Stewart","PTA",0,0,-1,9,2,"LIVE",0,1,0,0,0,0,0,0,0,0,0,0
"CD_I1005955","Justine Mules-Robinson","PTA",18,66,0,9,1,"LAST",0,1,2,0,1,3,0,0,1,0,0,66
"CD_I1005955","Justine Mules-Robinson","PTA",61,86,1,9,2,"LIVE",0,1,9,3,1,7,0,0,1,0,0,86
"CD_I1026227","Julia Teakle","PTA",24,91,0,9,1,"LAST",0,1,4,0,1,1,0,1,1,1,1,91
"CD_I1026227","Julia Teakle","PTA",57,76,1,9,2,"LIVE",0,1,6,1,3,1,0,0,0,4,0,76
"CD_I1022181","Shineah Goody","PTA",75,66,0,9,1,"LAST",0,1,12,3,3,4,0,1,0,1,1,66
"CD_I1022181","Shineah Goody","PTA",34,79,1,9,2,"LIVE",0,1,7,3,1,2,0,2,2,0,0,79
"CD_I1025893","Ella Boag","PTA",60,74,0,9,1,"LAST",0,1,7,1,3,7,0,0,0,0,0,74
"CD_I1025893","Ella Boag","PTA",22,67,1,9,2,"LIVE",0,1,3,1,1,2,0,0,0,0,0,67
"CD_I1029624","Olivia Levicki","PTA",38,55,0,9,1,"LAST",0,1,1,5,1,2,20,0,2,0,0,55
"CD_I1029624","Olivia Levicki","PTA",29,64,1,9,2,"LIVE",0,1,1,6,0,1,9,1,0,0,0,64
"CD_I1011117","Alex Ballard","PTA",0,0,0,9,1,"LAST",0,1,0,0,0,0,0,0,0,0,0,0
"CD_I1011117","Alex Ballard","PTA",0,0,-1,9,2,"LIVE",0,1,0,0,0,0,0,0,0,0,0,0
"CD_I1022210","Sachi Syme","PTA",83,76,0,9,1,"LAST",0,1,16,2,3,6,0,4,2,0,0,76
"CD_I1022210","Sachi Syme","PTA",44,72,1,9,2,"LIVE",0,1,9,2,2,3,0,1,2,0,0,72
"CD_I1022299","Amelie Borg","PTA",37,79,0,9,1,"LAST",0,1,8,1,2,1,0,1,0,0,0,79
"CD_I1022299","Amelie Borg","PTA",37,100,1,9,2,"LIVE",0,1,7,1,1,3,0,2,1,0,0,100
"CD_I1022248","Lauren Young","PTA",0,0,0,9,1,"LAST",0,1,0,0,0,0,0,0,0,0,0,0
"CD_I1022248","Lauren Young","PTA",0,0,-1,9,2,"LIVE",0,1,0,0,0,0,0,0,0,0,0,0
"CD_I1023950","Alissa Brook","PTA",0,0,0,9,1,"LAST",0,1,0,0,0,0,0,0,0,0,0,0
"CD_I1023950","Alissa Brook","PTA",0,0,-1,9,2,"LIVE",0,1,0,0,0,0,0,0,0,0,0,0
"CD_I1005952","Hannah Dunn","PTA",0,0,0,9,1,"LAST",0,1,0,0,0,0,0,0,0,0,0,0
"CD_I1005952","Hannah Dunn","PTA",0,0,-1,9,2,"LIVE",0,1,0,0,0,0,0,0,0,0,0,0
"CD_I1019060","Janelle Cuthbertson","PTA",47,81,0,9,1,"LAST",0,1,8,1,4,3,0,0,1,0,0,81
"CD_I1019060","Janelle Cuthbertson","PTA",20,51,1,9,2,"LIVE",0,1,2,0,2,2,0,0,0,0,0,51
"CD_I997678","Madeline Keryk","PTA",0,0,0,9,1,"LAST",0,1,0,0,0,0,0,0,0,0,0,0
"CD_I997678","Madeline Keryk","PTA",0,0,-1,9,2,"LIVE",0,1,0,0,0,0,0,0,0,0,0,0
"CD_I1007141","Gemma Houghton","PTA",35,79,0,9,1,"LAST",0,1,4,3,2,1,0,1,0,1,0,79
"CD_I1007141","Gemma Houghton","PTA",52,98,1,9,2,"LIVE",0,1,8,0,2,5,2,0,2,1,0,98
"CD_I1011062","Cheyenne Hammond","PTA",13,88,0,9,1,"LAST",0,1,2,3,1,1,0,0,2,0,0,88
"CD_I1011062","Cheyenne Hammond","PTA",51,73,1,9,2,"LIVE",0,1,7,7,0,4,0,0,0,0,0,73
"CD_I1023943","Matilda Scholz","PTA",26,75,0,9,1,"LAST",0,1,2,2,0,2,19,1,4,0,0,75
"CD_I1023943","Matilda Scholz","PTA",69,81,1,9,2,"LIVE",0,1,6,6,1,5,21,1,2,0,0,81
"CD_I1022726","Teagan Germech","PTA",16,71,0,9,1,"LAST",0,1,3,3,0,0,0,1,0,0,0,71
"CD_I1022726","Teagan Germech","PTA",13,88,1,9,2,"LIVE",0,1,1,5,2,0,0,0,2,0,0,88
"CD_I1035497","Jo Miller","PTA",0,0,0,9,1,"LAST",0,1,0,0,0,0,0,0,0,0,0,0
"CD_I1035497","Jo Miller","PTA",0,0,-1,9,2,"LIVE",0,1,0,0,0,0,0,0,0,0,0,0
"CD_I1024293","Jasmine Simmons","PTA",0,0,0,9,1,"LAST",0,1,0,0,0,0,0,0,0,0,0,0
"CD_I1024293","Jasmine Simmons","PTA",0,0,-1,9,2,"LIVE",0,1,0,0,0,0,0,0,0,0,0,0
"CD_I997686","Kirsty Lamb","PTA",38,69,0,9,1,"LAST",0,1,8,1,1,2,0,1,0,0,0,69
"CD_I997686","Kirsty Lamb","PTA",63,70,1,9,2,"LIVE",0,1,7,2,1,5,0,3,0,2,0,70
"CD_I1022728","Georgie Jaques","PTA",0,0,0,9,1,"LAST",0,1,0,0,0,0,0,0,0,0,0,0
"CD_I1022728","Georgie Jaques","PTA",0,0,-1,9,2,"LIVE",0,1,0,0,0,0,0,0,0,0,0,0
"CD_I1019509","Katelyn Pope","PTA",0,0,0,9,1,"LAST",0,1,0,0,0,0,0,0,0,0,0,0
"CD_I1019509","Katelyn Pope","PTA",0,0,-1,9,2,"LIVE",0,1,0,0,0,0,0,0,0,0,0,0
"CD_I1009856","Grace Egan","RIC",56,80,0,9,1,"LAST",0,1,14,8,0,2,0,2,4,0,0,80
"CD_I1009856","Grace Egan","RIC",60,77,1,9,2,"LIVE",0,1,6,12,1,5,0,1,2,0,0,77
"CD_I1018403","Eilish Sheerin","RIC",0,0,0,9,1,"LAST",0,1,0,0,0,0,0,0,0,0,0,0
"CD_I1018403","Eilish Sheerin","RIC",0,0,-1,9,2,"LIVE",0,1,0,0,0,0,0,0,0,0,0,0
"CD_I998157","Katie Brennan","RIC",51,93,0,9,1,"LAST",0,1,6,6,4,4,1,1,4,0,3,93
"CD_I998157","Katie Brennan","RIC",51,93,1,9,2,"LIVE",0,1,10,0,5,2,0,0,1,0,1,93
"CD_I1010104","Monique Conti","RIC",118,93,0,9,1,"LAST",0,1,17,14,4,6,0,3,0,0,0,93
"CD_I1010104","Monique Conti","RIC",76,96,1,9,2,"LIVE",0,1,11,7,1,5,0,4,0,0,2,96
"CD_I1009862","Courtney Jones","RIC",26,67,0,9,1,"LAST",0,1,2,1,1,2,0,0,0,1,1,67
"CD_I1009862","Courtney Jones","RIC",0,0,-1,9,2,"LIVE",0,1,0,0,0,0,0,0,0,0,0,0
"CD_I1001681","Jodie Hicks","RIC",25,97,0,9,1,"LAST",0,1,3,3,0,2,0,2,0,0,0,97
"CD_I1001681","Jodie Hicks","RIC",28,85,1,9,2,"LIVE",0,1,3,0,1,4,0,0,0,0,0,85
"CD_I1006666","Sarah Hosking","RIC",0,0,0,9,1,"LAST",0,1,0,0,0,0,0,0,0,0,0,0
"CD_I1006666","Sarah Hosking","RIC",56,46,1,9,2,"LIVE",0,1,7,4,2,2,0,0,0,2,1,46
"CD_I1010237","Molly Eastman","RIC",20,72,0,9,1,"LAST",0,1,3,3,0,2,0,0,1,0,0,72
"CD_I1010237","Molly Eastman","RIC",0,0,-1,9,2,"LIVE",0,1,0,0,0,0,0,0,0,0,0,0
"CD_I1012668","Caitlin Greiser","RIC",21,76,0,9,1,"LAST",0,1,4,0,1,1,1,1,0,0,0,76
"CD_I1012668","Caitlin Greiser","RIC",27,62,1,9,2,"LIVE",0,1,3,2,1,1,0,1,0,1,0,62
"CD_I1007327","Montana McKinnon","RIC",0,0,0,9,1,"LAST",0,1,0,0,0,0,0,0,0,0,0,0
"CD_I1007327","Montana McKinnon","RIC",0,0,-1,9,2,"LIVE",0,1,0,0,0,0,0,0,0,0,0,0
"CD_I1016865","Poppy Kelly","RIC",72,78,0,9,1,"LAST",0,1,6,2,2,3,25,1,0,1,0,78
"CD_I1016865","Poppy Kelly","RIC",66,73,1,9,2,"LIVE",0,1,3,6,2,2,36,1,2,0,0,73
"CD_I1017023","Rebecca Miller","RIC",32,88,0,9,1,"LAST",0,1,4,3,0,3,1,1,0,0,0,88
"CD_I1017023","Rebecca Miller","RIC",35,77,1,9,2,"LIVE",0,1,7,2,3,1,0,0,1,0,0,77
"CD_I1014882","Laura McClelland","RIC",21,63,0,9,1,"LAST",0,1,2,2,2,2,0,0,1,0,0,63
"CD_I1014882","Laura McClelland","RIC",39,73,1,9,2,"LIVE",0,1,5,2,1,3,6,1,1,0,1,73
"CD_I997743","Katelyn Cox","RIC",0,0,0,9,1,"LAST",0,1,0,0,0,0,0,0,0,0,0,0
"CD_I997743","Katelyn Cox","RIC",0,0,-1,9,2,"LIVE",0,1,0,0,0,0,0,0,0,0,0,0
"CD_I1021524","Libby Graham","RIC",40,93,0,9,1,"LAST",0,1,9,1,3,2,0,0,2,0,0,93
"CD_I1021524","Libby Graham","RIC",38,88,1,9,2,"LIVE",0,1,6,4,4,0,0,0,0,0,0,88
"CD_I1012692","Kate Dempsey","RIC",75,80,0,9,1,"LAST",0,1,15,3,2,4,0,2,0,0,0,80
"CD_I1012692","Kate Dempsey","RIC",52,86,1,9,2,"LIVE",0,1,5,1,3,5,0,0,0,1,0,86
"CD_I1012700","Beth Lynch","RIC",31,76,0,9,1,"LAST",0,1,5,2,2,3,0,0,2,0,0,76
"CD_I1012700","Beth Lynch","RIC",56,88,1,9,2,"LIVE",0,1,10,0,1,5,0,3,0,0,0,88
"CD_I1019681","Charley Ryan","RIC",24,55,0,9,1,"LAST",0,1,0,4,0,4,0,0,0,0,0,55
"CD_I1019681","Charley Ryan","RIC",37,65,1,9,2,"LIVE",0,1,7,3,1,2,0,2,1,0,0,65
"CD_I1014375","Ellie McKenzie","RIC",81,79,0,9,1,"LAST",0,1,11,7,3,7,0,3,2,0,0,79
"CD_I1014375","Ellie McKenzie","RIC",52,83,1,9,2,"LIVE",0,1,11,7,2,2,0,0,3,0,0,83
"CD_I1031857","Shelby Knoll","RIC",0,0,0,9,1,"LAST",0,1,0,0,0,0,0,0,0,0,0,0
"CD_I1031857","Shelby Knoll","RIC",0,0,-1,9,2,"LIVE",0,1,0,0,0,0,0,0,0,0,0,0
"CD_I1026531","Charli Wicksteed","RIC",0,0,0,9,1,"LAST",0,1,0,0,0,0,0,0,0,0,0,0
"CD_I1026531","Charli Wicksteed","RIC",0,0,-1,9,2,"LIVE",0,1,0,0,0,0,0,0,0,0,0,0
"CD_I1015063","Stella Reid","RIC",14,34,0,9,1,"LAST",0,1,2,1,0,2,0,0,1,0,1,34
"CD_I1015063","Stella Reid","RIC",0,0,-1,9,2,"LIVE",0,1,0,0,0,0,0,0,0,0,0,0
"CD_I1014781","Emelia Yassir","RIC",58,70,0,9,1,"LAST",0,1,6,2,3,5,0,1,0,1,0,70
"CD_I1014781","Emelia Yassir","RIC",27,73,1,9,2,"LIVE",0,1,1,3,1,3,0,0,1,1,0,73
"CD_I1017025","Gabrielle Seymour","RIC",32,92,0,9,1,"LAST",0,1,4,7,0,2,0,1,1,0,0,92
"CD_I1017025","Gabrielle Seymour","RIC",23,96,1,9,2,"LIVE",0,1,2,3,1,2,0,0,0,0,0,96
"CD_I1016023","Jemima Woods","RIC",36,57,0,9,1,"LAST",0,1,7,2,0,1,0,4,1,1,0,57
"CD_I1016023","Jemima Woods","RIC",0,0,-1,9,2,"LIVE",0,1,0,0,0,0,0,0,0,0,0,0
"CD_I1024984","Ally Dallaway","RIC",49,75,0,9,1,"LAST",0,1,3,10,1,5,0,0,1,0,0,75
"CD_I1024984","Ally Dallaway","RIC",41,67,1,9,2,"LIVE",0,1,3,7,0,5,0,1,1,0,0,67
"CD_I1031398","Isabel Bacon","RIC",0,0,0,9,1,"LAST",0,1,0,0,0,0,0,0,0,0,0,0
"CD_I1031398","Isabel Bacon","RIC",26,66,1,9,2,"LIVE",0,1,2,1,2,3,0,0,0,0,0,66
"CD_I1031412","Mackenzie Ford","RIC",0,0,0,9,1,"LAST",0,1,0,0,0,0,0,0,0,0,0,0
"CD_I1031412","Mackenzie Ford","RIC",23,72,1,9,2,"LIVE",0,1,1,6,0,2,0,0,0,0,0,72
"CD_I1010688","Maddie Shevlin","RIC",58,82,0,9,1,"LAST",0,1,10,3,2,3,0,1,1,1,0,82
"CD_I1010688","Maddie Shevlin","RIC",48,66,1,9,2,"LIVE",0,1,8,4,3,2,0,1,1,0,1,66
"CD_I1015056","Amelia Peck","RIC",0,0,0,9,1,"LAST",0,1,0,0,0,0,0,0,0,0,0,0
"CD_I1015056","Amelia Peck","RIC",0,0,-1,9,2,"LIVE",0,1,0,0,0,0,0,0,0,0,0,0
"CD_I1021529","Tessa Lavey","RIC",0,0,0,9,1,"LAST",0,1,0,0,0,0,0,0,0,0,0,0
"CD_I1021529","Tessa Lavey","RIC",58,67,1,9,2,"LIVE",0,1,8,4,3,5,0,0,1,0,0,67
"CD_I1033348","Imogen Brown","RIC",0,0,0,9,1,"LAST",0,1,0,0,0,0,0,0,0,0,0,0
"CD_I1033348","Imogen Brown","RIC",0,0,-1,9,2,"LIVE",0,1,0,0,0,0,0,0,0,0,0,0
"CD_I1012647","Tamara Luke","RIC",0,0,0,9,1,"LAST",0,1,0,0,0,0,0,0,0,0,0,0
"CD_I1012647","Tamara Luke","RIC",0,0,-1,9,2,"LIVE",0,1,0,0,0,0,0,0,0,0,0,0
"CD_I1013017","Molly McDonald","STK",75,81,0,9,1,"LAST",0,1,11,8,3,4,0,1,0,0,0,81
"CD_I1013017","Molly McDonald","STK",66,80,1,9,2,"LIVE",0,1,17,1,2,1,0,0,1,1,0,80
"CD_I998164","Nicola Stevens","STK",37,84,0,9,1,"LAST",0,1,6,3,1,2,0,2,0,0,0,84
"CD_I998164","Nicola Stevens","STK",47,87,1,9,2,"LIVE",0,1,7,5,1,3,0,1,0,0,0,87
"CD_I1015094","Alice Burke","STK",39,70,0,9,1,"LAST",0,1,2,7,1,4,0,0,0,0,0,70
"CD_I1015094","Alice Burke","STK",19,74,1,9,2,"LIVE",0,1,2,2,0,2,0,1,0,0,0,74
"CD_I1015163","Kiera Whiley","STK",0,0,0,9,1,"LAST",0,1,0,0,0,0,0,0,0,0,0,0
"CD_I1015163","Kiera Whiley","STK",0,0,-1,9,2,"LIVE",0,1,0,0,0,0,0,0,0,0,0,0
"CD_I1009855","Darcy Guttridge","STK",49,81,0,9,1,"LAST",0,1,6,1,2,4,0,1,0,1,0,81
"CD_I1009855","Darcy Guttridge","STK",63,91,1,9,2,"LIVE",0,1,8,2,3,5,0,0,0,1,0,91
"CD_I1014835","Tyanna Smith","STK",101,83,0,9,1,"LAST",0,1,12,4,3,10,0,2,0,1,0,83
"CD_I1014835","Tyanna Smith","STK",80,83,1,9,2,"LIVE",0,1,13,7,1,5,0,1,1,1,0,83
"CD_I1021367","J'Noemi Anderson","STK",41,71,0,9,1,"LAST",0,1,7,0,3,1,0,1,0,1,0,71
"CD_I1021367","J'Noemi Anderson","STK",36,62,1,9,2,"LIVE",0,1,6,0,2,3,0,3,1,0,0,62
"CD_I296158","Bianca Jakobsson","STK",39,76,0,9,1,"LAST",0,1,2,4,1,6,0,1,1,0,0,76
"CD_I296158","Bianca Jakobsson","STK",32,81,1,9,2,"LIVE",0,1,3,6,1,2,0,0,0,0,0,81
"CD_I1004415","Jaimee Lambert","STK",74,75,0,9,1,"LAST",0,1,12,5,3,3,0,0,0,1,1,75
"CD_I1004415","Jaimee Lambert","STK",79,81,1,9,2,"LIVE",0,1,13,8,4,3,0,2,1,0,1,81
"CD_I1021793","Paige Trudgeon","STK",48,100,0,9,1,"LAST",0,1,8,6,2,2,0,1,1,0,0,100
"CD_I1021793","Paige Trudgeon","STK",33,94,1,9,2,"LIVE",0,1,3,2,0,5,0,0,0,0,0,94
"CD_I1018875","Grace Kelly","STK",50,73,0,9,1,"LAST",0,1,10,1,2,3,0,0,0,0,0,73
"CD_I1018875","Grace Kelly","STK",61,79,1,9,2,"LIVE",0,1,15,1,3,1,0,0,0,0,1,79
"CD_I1012987","Serene Watson","STK",37,90,0,9,1,"LAST",0,1,8,3,2,1,0,0,1,0,0,90
"CD_I1012987","Serene Watson","STK",45,80,1,9,2,"LIVE",0,1,7,6,2,2,0,1,1,0,0,80
"CD_I1014556","Hannah Priest","STK",24,80,0,9,1,"LAST",0,1,2,1,1,4,0,0,1,0,0,80
"CD_I1014556","Hannah Priest","STK",43,85,1,9,2,"LIVE",0,1,5,8,2,1,0,2,0,0,0,85
"CD_I1007137","Nat Exon","STK",0,0,0,9,1,"LAST",0,1,0,0,0,0,0,0,0,0,0,0
"CD_I1007137","Nat Exon","STK",44,64,1,9,2,"LIVE",0,1,4,5,0,4,0,0,0,1,0,64
"CD_I1014962","Ella Friend","STK",9,53,0,9,1,"LAST",0,1,2,0,0,0,0,0,1,1,0,53
"CD_I1014962","Ella Friend","STK",17,54,1,9,2,"LIVE",0,1,3,0,2,1,0,1,3,1,0,54
"CD_I998158","Stephanie Chiocci","STK",0,0,0,9,1,"LAST",0,1,0,0,0,0,0,0,0,0,0,0
"CD_I998158","Stephanie Chiocci","STK",0,0,-1,9,2,"LIVE",0,1,0,0,0,0,0,0,0,0,0,0
"CD_I1016868","Hannah Stuart","STK",52,73,0,9,1,"LAST",0,1,7,5,2,2,0,1,0,1,0,73
"CD_I1016868","Hannah Stuart","STK",0,0,-1,9,2,"LIVE",0,1,0,0,0,0,0,0,0,0,0,0
"CD_I1009866","Rene Caris","STK",42,49,0,9,1,"LAST",0,1,3,4,2,2,6,2,1,1,0,49
"CD_I1009866","Rene Caris","STK",20,30,1,9,2,"LIVE",0,1,2,1,1,1,4,1,0,0,0,30
"CD_I1021945","Rebecca Ott","STK",0,0,0,9,1,"LAST",0,1,0,0,0,0,0,0,0,0,0,0
"CD_I1021945","Rebecca Ott","STK",0,0,-1,9,2,"LIVE",0,1,0,0,0,0,0,0,0,0,0,0
"CD_I1009867","Georgia Patrikios","STK",0,0,0,9,1,"LAST",0,1,0,0,0,0,0,0,0,0,0,0
"CD_I1009867","Georgia Patrikios","STK",0,0,-1,9,2,"LIVE",0,1,0,0,0,0,0,0,0,0,0,0
"CD_I1014841","Ashleigh Richards","STK",68,76,0,9,1,"LAST",0,1,6,6,2,6,0,1,0,1,1,76
"CD_I1014841","Ashleigh Richards","STK",27,83,1,9,2,"LIVE",0,1,2,3,1,3,0,0,0,0,0,83
"CD_I1009873","Olivia Vesely","STK",93,83,0,9,1,"LAST",0,1,11,4,4,8,0,2,0,1,0,83
"CD_I1009873","Olivia Vesely","STK",46,84,1,9,2,"LIVE",0,1,6,5,3,3,0,0,1,0,0,84
"CD_I1021464","Beth Pinchin","STK",0,0,0,9,1,"LAST",0,1,0,0,0,0,0,0,0,0,0,0
"CD_I1021464","Beth Pinchin","STK",0,0,-1,9,2,"LIVE",0,1,0,0,0,0,0,0,0,0,0,0
"CD_I1015060","Nicola Xenos","STK",29,82,0,9,1,"LAST",0,1,3,2,1,5,0,1,3,0,1,82
"CD_I1015060","Nicola Xenos","STK",75,79,1,9,2,"LIVE",0,1,8,6,3,8,0,0,1,0,1,79
"CD_I1019813","Caitlin Matthews","STK",0,0,0,9,1,"LAST",0,1,0,0,0,0,0,0,0,0,0,0
"CD_I1019813","Caitlin Matthews","STK",0,0,-1,9,2,"LIVE",0,1,0,0,0,0,0,0,0,0,0,0
"CD_I997669","Maddie Boyd","STK",0,0,0,9,1,"LAST",0,1,0,0,0,0,0,0,0,0,0,0
"CD_I997669","Maddie Boyd","STK",0,0,-1,9,2,"LIVE",0,1,0,0,0,0,0,0,0,0,0,0
"CD_I1009838","Jesse Wardlaw","STK",84,87,0,9,1,"LAST",0,1,14,3,8,0,4,1,2,2,1,87
"CD_I1009838","Jesse Wardlaw","STK",54,95,1,9,2,"LIVE",0,1,7,3,3,2,1,2,0,1,1,95
"CD_I1007025","Natalie Plane","STK",0,0,0,9,1,"LAST",0,1,0,0,0,0,0,0,0,0,0,0
"CD_I1007025","Natalie Plane","STK",0,0,-1,9,2,"LIVE",0,1,0,0,0,0,0,0,0,0,0,0
"CD_I1019734","Charlotte Simpson","STK",42,70,0,9,1,"LAST",0,1,7,3,1,3,0,3,1,0,0,70
"CD_I1019734","Charlotte Simpson","STK",60,64,1,9,2,"LIVE",0,1,7,5,0,7,0,1,0,0,0,64
"CD_I1012620","Simone Nalder","STK",39,64,0,9,1,"LAST",0,1,1,4,1,3,13,0,0,0,0,64
"CD_I1012620","Simone Nalder","STK",62,70,1,9,2,"LIVE",0,1,4,3,1,6,21,2,2,0,0,70
"CD_I1026218","Emmelie Fiedler","STK",0,0,0,9,1,"LAST",0,1,0,0,0,0,0,0,0,0,0,0
"CD_I1026218","Emmelie Fiedler","STK",0,0,-1,9,2,"LIVE",0,1,0,0,0,0,0,0,0,0,0,0
"CD_I1004408","Brooke Lochland","SYD",30,73,0,9,1,"LAST",0,1,3,2,1,4,0,1,1,0,0,73
"CD_I1004408","Brooke Lochland","SYD",29,85,1,9,2,"LIVE",0,1,2,5,0,4,0,0,1,0,0,85
"CD_I1029279","Holly Cooper","SYD",0,0,0,9,1,"LAST",0,1,0,0,0,0,0,0,0,0,0,0
"CD_I1029279","Holly Cooper","SYD",0,0,-1,9,2,"LIVE",0,1,0,0,0,0,0,0,0,0,0,0
"CD_I1024573","Kiara Hillier","SYD",36,68,0,9,1,"LAST",0,1,4,4,1,4,0,0,1,0,0,68
"CD_I1024573","Kiara Hillier","SYD",13,62,1,9,2,"LIVE",0,1,3,0,1,0,0,1,0,0,0,62
"CD_I1014355","Paige Sheppard","SYD",0,0,0,9,1,"LAST",0,1,0,0,0,0,0,0,0,0,0,0
"CD_I1014355","Paige Sheppard","SYD",0,0,-1,9,2,"LIVE",0,1,0,0,0,0,0,0,0,0,0,0
"CD_I1010263","Chloe Molloy","SYD",54,94,0,9,1,"LAST",0,1,6,6,1,2,0,1,0,2,0,94
"CD_I1010263","Chloe Molloy","SYD",0,0,-1,9,2,"LIVE",0,1,0,0,0,0,0,0,0,0,0,0
"CD_I1022738","Ruby Sargent-Wilson","SYD",0,0,0,9,1,"LAST",0,1,0,0,0,0,0,0,0,0,0,0
"CD_I1022738","Ruby Sargent-Wilson","SYD",0,0,-1,9,2,"LIVE",0,1,0,0,0,0,0,0,0,0,0,0
"CD_I1015012","Ally Morphett","SYD",58,54,0,9,1,"LAST",0,1,9,5,3,1,13,1,2,0,0,54
"CD_I1015012","Ally Morphett","SYD",57,63,1,9,2,"LIVE",0,1,5,5,0,2,26,1,1,0,0,63
"CD_I1012957","Alice Mitchell","SYD",36,100,0,9,1,"LAST",0,1,6,3,5,0,0,0,1,0,0,100
"CD_I1012957","Alice Mitchell","SYD",21,96,1,9,2,"LIVE",0,1,2,4,2,1,0,0,1,0,0,96
"CD_I1009865","Lucy McEvoy","SYD",81,73,0,9,1,"LAST",0,1,10,7,5,4,0,0,0,1,0,73
"CD_I1009865","Lucy McEvoy","SYD",81,78,1,9,2,"LIVE",0,1,15,6,6,1,0,2,0,0,0,78
"CD_I1022350","Cynthia Hamilton","SYD",44,79,0,9,1,"LAST",0,1,6,4,2,2,0,0,1,1,1,79
"CD_I1022350","Cynthia Hamilton","SYD",61,89,1,9,2,"LIVE",0,1,5,7,1,6,0,1,1,1,1,89
"CD_I1012994","Bella R. Smith","SYD",0,0,0,9,1,"LAST",0,1,0,0,0,0,0,0,0,0,0,0
"CD_I1012994","Bella R. Smith","SYD",0,0,-1,9,2,"LIVE",0,1,0,0,0,0,0,0,0,0,0,0
"CD_I1022745","Ella Heads","SYD",54,94,0,9,1,"LAST",0,1,9,5,2,4,0,1,2,0,0,94
"CD_I1022745","Ella Heads","SYD",65,76,1,9,2,"LIVE",0,1,13,1,5,4,0,2,3,0,0,76
"CD_I1012705","Alana Woodward","SYD",0,0,0,9,1,"LAST",0,1,0,0,0,0,0,0,0,0,0,0
"CD_I1012705","Alana Woodward","SYD",0,0,-1,9,2,"LIVE",0,1,0,0,0,0,0,0,0,0,0,0
"CD_I1003022","Maddy Collier","SYD",26,48,0,9,1,"LAST",0,1,5,1,1,2,0,1,1,0,0,48
"CD_I1003022","Maddy Collier","SYD",0,0,-1,9,2,"LIVE",0,1,0,0,0,0,0,0,0,0,0,0
"CD_I1033164","Paris McCarthy","SYD",0,0,0,9,1,"LAST",0,1,0,0,0,0,0,0,0,0,0,0
"CD_I1033164","Paris McCarthy","SYD",0,0,-1,9,2,"LIVE",0,1,0,0,0,0,0,0,0,0,0,0
"CD_I1021884","Sarah Grunden","SYD",28,69,0,9,1,"LAST",0,1,3,0,1,4,0,0,0,0,0,69
"CD_I1021884","Sarah Grunden","SYD",36,74,1,9,2,"LIVE",0,1,5,4,0,3,0,1,0,0,0,74
"CD_I1015152","Montana Ham","SYD",60,84,0,9,1,"LAST",0,1,9,7,2,2,0,2,1,1,0,84
"CD_I1015152","Montana Ham","SYD",46,88,1,9,2,"LIVE",0,1,7,6,1,3,0,1,1,0,0,88
"CD_I296148","Rebecca Privitelli","SYD",58,83,0,9,1,"LAST",0,1,7,0,3,4,0,0,0,2,0,83
"CD_I296148","Rebecca Privitelli","SYD",41,92,1,9,2,"LIVE",0,1,7,0,2,2,0,0,0,1,0,92
"CD_I1009813","Brenna Tarrant","SYD",45,100,0,9,1,"LAST",0,1,9,3,2,1,0,2,0,0,0,100
"CD_I1009813","Brenna Tarrant","SYD",78,100,1,9,2,"LIVE",0,1,15,5,6,1,0,1,0,0,0,100
"CD_I1007523","Lisa Steane","SYD",0,0,0,9,1,"LAST",0,1,0,0,0,0,0,0,0,0,0,0
"CD_I1007523","Lisa Steane","SYD",0,0,-1,9,2,"LIVE",0,1,0,0,0,0,0,0,0,0,0,0
"CD_I1022067","Aimee Whelan","SYD",0,0,0,9,1,"LAST",0,1,0,0,0,0,0,0,0,0,0,0
"CD_I1022067","Aimee Whelan","SYD",0,0,-1,9,2,"LIVE",0,1,0,0,0,0,0,0,0,0,0,0
"CD_I1022164","Eliza Vale","SYD",39,60,0,9,1,"LAST",0,1,6,2,1,3,0,2,0,0,0,60
"CD_I1022164","Eliza Vale","SYD",15,53,1,9,2,"LIVE",0,1,2,3,1,0,0,0,0,0,0,53
"CD_I1033168","Julie O'Sullivan","SYD",0,0,0,9,1,"LAST",0,1,0,0,0,0,0,0,0,0,0,0
"CD_I1033168","Julie O'Sullivan","SYD",29,95,1,9,2,"LIVE",0,1,6,3,0,2,0,0,1,0,0,95
"CD_I1019834","Sofia Hurley","SYD",68,77,0,9,1,"LAST",0,1,10,5,0,7,0,0,0,0,0,77
"CD_I1019834","Sofia Hurley","SYD",94,73,1,9,2,"LIVE",0,1,14,5,0,9,0,0,0,1,0,73
"CD_I1025616","Lara Hausegger","SYD",0,0,0,9,1,"LAST",0,1,0,0,0,0,0,0,0,0,0,0
"CD_I1025616","Lara Hausegger","SYD",29,51,1,9,2,"LIVE",0,1,4,3,2,1,0,1,0,0,0,51
"CD_I1021460","Giselle Davies","SYD",39,49,0,9,1,"LAST",0,1,1,4,1,5,6,2,1,0,0,49
"CD_I1021460","Giselle Davies","SYD",36,58,1,9,2,"LIVE",0,1,8,2,0,2,8,1,3,0,0,58
"CD_I1029616","Lauren Szigeti","SYD",36,57,0,9,1,"LAST",0,1,5,2,1,4,0,1,1,0,0,57
"CD_I1029616","Lauren Szigeti","SYD",38,58,1,9,2,"LIVE",0,1,6,6,1,2,0,0,1,0,0,58
"CD_I1025789","Tanya Kennedy","SYD",58,95,0,9,1,"LAST",0,1,8,4,3,5,0,0,1,0,0,95
"CD_I1025789","Tanya Kennedy","SYD",84,83,1,9,2,"LIVE",0,1,11,7,1,10,0,0,2,0,0,83
"CD_I1009803","Alexia Hamilton","SYD",0,0,0,9,1,"LAST",0,1,0,0,0,0,0,0,0,0,0,0
"CD_I1009803","Alexia Hamilton","SYD",0,0,-1,9,2,"LIVE",0,1,0,0,0,0,0,0,0,0,0,0
"CD_I1014359","Laura Gardiner","SYD",90,89,0,9,1,"LAST",0,1,15,8,2,8,0,0,3,0,0,89
"CD_I1014359","Laura Gardiner","SYD",95,78,1,9,2,"LIVE",0,1,12,14,2,7,0,0,1,0,0,78
"CD_I1010255","Hayley Bullas","SYD",56,82,0,9,1,"LAST",0,1,5,4,0,9,0,0,1,0,0,82
"CD_I1010255","Hayley Bullas","SYD",53,74,1,9,2,"LIVE",0,1,10,6,2,2,0,0,1,0,0,74
"CD_I1026016","Montana Beruldsen","SYD",45,75,0,9,1,"LAST",0,1,6,2,1,4,0,3,2,1,1,75
"CD_I1026016","Montana Beruldsen","SYD",34,77,1,9,2,"LIVE",0,1,7,1,0,2,0,0,1,1,0,77
"CD_I1014736","Elizabeth Snell","WBD",0,0,0,9,1,"LAST",0,1,0,0,0,0,0,0,0,0,0,0
"CD_I1014736","Elizabeth Snell","WBD",0,0,-1,9,2,"LIVE",0,1,0,0,0,0,0,0,0,0,0,0
"CD_I296125","Ellie Blackburn","WBD",95,79,0,9,1,"LAST",0,1,10,15,0,8,0,2,0,0,1,79
"CD_I296125","Ellie Blackburn","WBD",110,86,1,9,2,"LIVE",0,1,18,8,3,7,0,2,0,0,1,86
"CD_I1010103","Isabella Grant","WBD",22,95,0,9,1,"LAST",0,1,4,1,1,2,0,0,1,0,0,95
"CD_I1010103","Isabella Grant","WBD",24,94,1,9,2,"LIVE",0,1,6,2,0,0,0,2,0,0,0,94
"CD_I1015137","Isabelle Pritchard","WBD",72,73,0,9,1,"LAST",0,1,11,3,1,7,0,2,0,0,0,73
"CD_I1015137","Isabelle Pritchard","WBD",96,87,1,9,2,"LIVE",0,1,14,8,6,6,0,0,2,0,2,87
"CD_I1022203","Elaine Grigg","WBD",44,60,0,9,1,"LAST",0,1,1,2,0,9,0,1,0,0,0,60
"CD_I1022203","Elaine Grigg","WBD",37,70,1,9,2,"LIVE",0,1,5,0,1,5,0,2,1,0,0,70
"CD_I1009805","Maggie Gorham","WBD",41,79,0,9,1,"LAST",0,1,7,2,2,3,0,1,1,0,0,79
"CD_I1009805","Maggie Gorham","WBD",38,85,1,9,2,"LIVE",0,1,7,2,1,4,0,0,2,0,0,85
"CD_I997728","Deanna Berry","WBD",30,84,0,9,1,"LAST",0,1,5,5,1,0,0,2,0,0,0,84
"CD_I997728","Deanna Berry","WBD",37,84,1,9,2,"LIVE",0,1,7,2,0,3,0,0,0,0,0,84
"CD_I1028464","Dominique Carruthers","WBD",32,69,0,9,1,"LAST",0,1,3,3,0,5,0,0,1,0,0,69
"CD_I1028464","Dominique Carruthers","WBD",76,71,1,9,2,"LIVE",0,1,7,5,1,12,0,0,2,0,0,71
"CD_I1009875","Eleanor Brown","WBD",0,0,0,9,1,"LAST",0,1,0,0,0,0,0,0,0,0,0,0
"CD_I1009875","Eleanor Brown","WBD",0,0,-1,9,2,"LIVE",0,1,0,0,0,0,0,0,0,0,0,0
"CD_I1022695","Jasmyn Smith","WBD",14,69,0,9,1,"LAST",0,1,4,2,0,1,0,0,2,0,0,69
"CD_I1022695","Jasmyn Smith","WBD",43,75,1,9,2,"LIVE",0,1,2,6,2,5,0,2,1,0,0,75
"CD_I1010686","Elle Bennetts","WBD",0,0,0,9,1,"LAST",0,1,0,0,0,0,0,0,0,0,0,0
"CD_I1010686","Elle Bennetts","WBD",31,73,1,9,2,"LIVE",0,1,4,6,2,0,0,1,0,0,0,73
"CD_I1021893","Brooke Barwick","WBD",6,37,0,9,1,"LAST",0,1,2,0,0,0,0,0,0,0,0,37
"CD_I1021893","Brooke Barwick","WBD",33,59,1,9,2,"LIVE",0,1,5,1,1,4,0,0,1,0,0,59
"CD_I1021879","Kristie-Lee Weston-Turner","WBD",11,69,0,9,1,"LAST",0,1,0,1,0,3,0,0,1,0,0,69
"CD_I1021879","Kristie-Lee Weston-Turner","WBD",19,52,1,9,2,"LIVE",0,1,2,2,1,2,0,1,1,0,0,52
"CD_I1012547","Jorja Borg","WBD",20,72,0,9,1,"LAST",0,1,2,4,0,1,2,0,0,0,0,72
"CD_I1012547","Jorja Borg","WBD",35,41,1,9,2,"LIVE",0,1,2,4,0,3,9,0,0,0,0,41
"CD_I1015091","Sarah Hartwig","WBD",17,84,0,9,1,"LAST",0,1,2,0,2,1,0,1,0,0,0,84
"CD_I1015091","Sarah Hartwig","WBD",31,81,1,9,2,"LIVE",0,1,5,1,3,1,0,0,0,0,1,81
"CD_I1010689","Naomi Ferres","WBD",0,0,0,9,1,"LAST",0,1,0,0,0,0,0,0,0,0,0,0
"CD_I1010689","Naomi Ferres","WBD",0,0,-1,9,2,"LIVE",0,1,0,0,0,0,0,0,0,0,0,0
"CD_I1013026","Elisabeth Georgostathis","WBD",5,68,0,9,1,"LAST",0,1,2,4,0,0,0,0,3,0,0,68
"CD_I1013026","Elisabeth Georgostathis","WBD",60,77,1,9,2,"LIVE",0,1,11,6,5,1,0,2,2,0,0,77
"CD_I1013032","Britney Gutknecht","WBD",24,58,0,9,1,"LAST",0,1,5,0,0,2,0,1,0,0,0,58
"CD_I1013032","Britney Gutknecht","WBD",25,81,1,9,2,"LIVE",0,1,1,3,0,4,0,0,0,0,0,81
"CD_I1025517","Heidi Woodley","WBD",0,0,0,9,1,"LAST",0,1,0,0,0,0,0,0,0,0,0,0
"CD_I1025517","Heidi Woodley","WBD",0,0,-1,9,2,"LIVE",0,1,0,0,0,0,0,0,0,0,0,0
"CD_I1031784","Cleo Buttifant","WBD",21,79,0,9,1,"LAST",0,1,3,4,2,1,0,0,2,0,0,79
"CD_I1031784","Cleo Buttifant","WBD",12,75,1,9,2,"LIVE",0,1,3,3,0,0,0,0,1,0,0,75
"CD_I1009829","Zimmorlei Farquharson","WBD",0,0,0,9,1,"LAST",0,1,0,0,0,0,0,0,0,0,0,0
"CD_I1009829","Zimmorlei Farquharson","WBD",0,0,-1,9,2,"LIVE",0,1,0,0,0,0,0,0,0,0,0,0
"CD_I1019828","Keely Coyne","WBD",0,0,0,9,1,"LAST",0,1,0,0,0,0,0,0,0,0,0,0
"CD_I1019828","Keely Coyne","WBD",0,0,-1,9,2,"LIVE",0,1,0,0,0,0,0,0,0,0,0,0
"CD_I1014372","Jessica Fitzgerald","WBD",33,95,0,9,1,"LAST",0,1,9,1,0,1,0,0,0,0,0,95
"CD_I1014372","Jessica Fitzgerald","WBD",25,88,1,9,2,"LIVE",0,1,7,2,0,0,0,0,0,0,0,88
"CD_I1015021","Aurora Smith","WBD",0,0,0,9,1,"LAST",0,1,0,0,0,0,0,0,0,0,0,0
"CD_I1015021","Aurora Smith","WBD",0,0,-1,9,2,"LIVE",0,1,0,0,0,0,0,0,0,0,0,0
"CD_I1016971","Ellie Gavalas","WBD",22,82,0,9,1,"LAST",0,1,3,1,1,2,0,0,0,0,0,82
"CD_I1016971","Ellie Gavalas","WBD",0,0,-1,9,2,"LIVE",0,1,0,0,0,0,0,0,0,0,0,0
"CD_I1015201","Analea McKee","WBD",40,90,0,9,1,"LAST",0,1,3,3,2,2,4,1,0,1,0,90
"CD_I1015201","Analea McKee","WBD",10,78,1,9,2,"LIVE",0,1,2,0,2,0,1,0,1,0,0,78
"CD_I1012661","Lauren Ahrens","WBD",49,96,0,9,1,"LAST",0,1,12,1,2,2,0,0,1,0,0,96
"CD_I1012661","Lauren Ahrens","WBD",37,98,1,9,2,"LIVE",0,1,7,8,0,0,0,0,0,0,0,98
"CD_I1024553","Kaylee Kimber","WBD",0,0,0,9,1,"LAST",0,1,0,0,0,0,0,0,0,0,0,0
"CD_I1024553","Kaylee Kimber","WBD",0,0,-1,9,2,"LIVE",0,1,0,0,0,0,0,0,0,0,0,0
"CD_I1012595","Vaomua Laloifi","WBD",0,0,0,9,1,"LAST",0,1,0,0,0,0,0,0,0,0,0,0
"CD_I1012595","Vaomua Laloifi","WBD",0,0,-1,9,2,"LIVE",0,1,0,0,0,0,0,0,0,0,0,0
"CD_I1012694","Alice Edmonds","WBD",73,82,0,9,1,"LAST",0,1,3,5,3,4,37,1,3,0,0,82
"CD_I1012694","Alice Edmonds","WBD",72,80,1,9,2,"LIVE",0,1,4,8,2,4,26,2,2,0,0,80
"CD_I1021853","Rylie Wilcox","WBD",30,79,0,9,1,"LAST",0,1,5,2,2,2,0,0,1,0,0,79
"CD_I1021853","Rylie Wilcox","WBD",26,67,1,9,2,"LIVE",0,1,4,5,0,1,0,3,1,0,0,67
"CD_I1012953","Brianna McFarlane","WBD",0,0,0,9,1,"LAST",0,1,0,0,0,0,0,0,0,0,0,0
"CD_I1012953","Brianna McFarlane","WBD",0,0,-1,9,2,"LIVE",0,1,0,0,0,0,0,0,0,0,0,0
"CD_I1022825","Lauren Wakfer","WCE",70,72,0,9,1,"LAST",0,1,5,4,1,7,19,0,1,0,0,72
"CD_I1022825","Lauren Wakfer","WCE",58,72,1,9,2,"LIVE",0,1,8,0,3,5,11,0,2,0,0,72
"CD_I998041","Kellie Gibson","WCE",54,88,0,9,1,"LAST",0,1,7,1,2,3,0,1,0,2,0,88
"CD_I998041","Kellie Gibson","WCE",68,86,1,9,2,"LIVE",0,1,8,3,5,6,0,1,1,0,1,86
"CD_I1021419","Charlotte Thomas","WCE",79,97,0,9,1,"LAST",0,1,21,3,3,1,0,0,1,0,0,97
"CD_I1021419","Charlotte Thomas","WCE",67,80,1,9,2,"LIVE",0,1,13,2,4,3,0,0,0,0,0,80
"CD_I1022823","Ella Roberts","WCE",79,98,0,9,1,"LAST",0,1,12,8,2,5,0,3,1,0,1,98
"CD_I1022823","Ella Roberts","WCE",55,77,1,9,2,"LIVE",0,1,6,10,3,3,0,1,2,0,1,77
"CD_I1021415","Courtney Rowley","WCE",0,0,0,9,1,"LAST",0,1,0,0,0,0,0,0,0,0,0,0
"CD_I1021415","Courtney Rowley","WCE",0,0,-1,9,2,"LIVE",0,1,0,0,0,0,0,0,0,0,0,0
"CD_I1017333","Isabella Lewis","WCE",63,78,0,9,1,"LAST",0,1,11,8,3,3,0,1,3,0,1,78
"CD_I1017333","Isabella Lewis","WCE",72,81,1,9,2,"LIVE",0,1,13,2,4,3,0,1,1,1,1,81
"CD_I1025428","Jessica Rentsch","WCE",26,95,0,9,1,"LAST",0,1,4,3,0,2,0,0,0,0,0,95
"CD_I1025428","Jessica Rentsch","WCE",32,84,1,9,2,"LIVE",0,1,6,4,0,2,0,1,1,0,0,84
"CD_I1017334","Sasha Goranova","WCE",32,69,0,9,1,"LAST",0,1,5,1,0,4,0,2,1,0,0,69
"CD_I1017334","Sasha Goranova","WCE",47,65,1,9,2,"LIVE",0,1,8,3,4,1,0,1,0,0,0,65
"CD_I1009907","Roxanne Roux","WCE",0,0,0,9,1,"LAST",0,1,0,0,0,0,0,0,0,0,0,0
"CD_I1009907","Roxanne Roux","WCE",0,0,-1,9,2,"LIVE",0,1,0,0,0,0,0,0,0,0,0,0
"CD_I1012712","Alison Drennan","WCE",89,82,0,9,1,"LAST",0,1,9,9,2,10,0,4,2,0,0,82
"CD_I1012712","Alison Drennan","WCE",34,70,1,9,2,"LIVE",0,1,8,3,1,1,0,0,1,0,0,70
"CD_I1005865","Jess Hosking","WCE",87,94,0,9,1,"LAST",0,1,12,3,6,5,0,3,3,2,1,94
"CD_I1005865","Jess Hosking","WCE",36,90,1,9,2,"LIVE",0,1,2,2,1,6,0,1,1,0,1,90
"CD_I1035386","Verity Simmons","WCE",33,56,0,9,1,"LAST",0,1,4,6,1,2,0,1,1,0,0,56
"CD_I1035386","Verity Simmons","WCE",0,0,-1,9,2,"LIVE",0,1,0,0,0,0,0,0,0,0,0,0
"CD_I998032","Emma Swanson","WCE",0,0,0,9,1,"LAST",0,1,0,0,0,0,0,0,0,0,0,0
"CD_I998032","Emma Swanson","WCE",57,85,1,9,2,"LIVE",0,1,13,0,3,3,0,0,1,0,0,85
"CD_I1007029","Belinda Smith","WCE",28,92,0,9,1,"LAST",0,1,4,2,1,3,0,0,1,0,0,92
"CD_I1007029","Belinda Smith","WCE",40,84,1,9,2,"LIVE",0,1,6,4,0,4,0,1,1,0,0,84
"CD_I1023815","Abbygail Bushby","WCE",43,48,0,9,1,"LAST",0,1,8,4,2,2,0,0,1,0,0,48
"CD_I1023815","Abbygail Bushby","WCE",32,52,1,9,2,"LIVE",0,1,6,2,3,0,0,1,0,0,0,52
"CD_I1027611","Zoe Wakfer","WCE",13,47,0,9,1,"LAST",0,1,2,0,0,2,0,2,1,0,0,47
"CD_I1027611","Zoe Wakfer","WCE",34,80,1,9,2,"LIVE",0,1,5,3,4,0,0,1,0,0,0,80
"CD_I998156","Dana Hooker","WCE",0,0,0,9,1,"LAST",0,1,0,0,0,0,0,0,0,0,0,0
"CD_I998156","Dana Hooker","WCE",0,0,-1,9,2,"LIVE",0,1,0,0,0,0,0,0,0,0,0,0
"CD_I1012259","Jaide Britton","WCE",25,75,0,9,1,"LAST",0,1,4,3,1,1,0,0,0,0,0,75
"CD_I1012259","Jaide Britton","WCE",57,80,1,9,2,"LIVE",0,1,8,2,4,4,0,1,0,0,0,80
"CD_I1021411","Amy Franklin","WCE",20,87,0,9,1,"LAST",0,1,3,1,1,0,1,1,1,1,1,87
"CD_I1021411","Amy Franklin","WCE",38,85,1,9,2,"LIVE",0,1,4,1,2,3,2,1,1,1,0,85
"CD_I1037133","Sanne Bakker","WCE",29,91,0,9,1,"LAST",0,1,3,4,1,5,0,1,4,0,0,91
"CD_I1037133","Sanne Bakker","WCE",31,75,1,9,2,"LIVE",0,1,3,1,0,5,0,3,1,0,0,75
"CD_I1026170","Mikayla Western","WCE",32,86,0,9,1,"LAST",0,1,4,0,0,3,0,2,0,1,0,86
"CD_I1026170","Mikayla Western","WCE",52,74,1,9,2,"LIVE",0,1,7,2,1,4,0,1,0,1,1,74
"CD_I1023857","Georgie Cleaver","WCE",35,87,0,9,1,"LAST",0,1,6,3,1,2,0,0,0,0,0,87
"CD_I1023857","Georgie Cleaver","WCE",33,90,1,9,2,"LIVE",0,1,6,4,2,1,0,0,1,0,0,90
"CD_I1022818","Sarah Lakay","WCE",0,0,0,9,1,"LAST",0,1,0,0,0,0,0,0,0,0,0,0
"CD_I1022818","Sarah Lakay","WCE",51,57,1,9,2,"LIVE",0,1,11,1,0,2,13,4,3,0,0,57
"CD_I1022133","Annabel Johnson","WCE",0,0,0,9,1,"LAST",0,1,0,0,0,0,0,0,0,0,0,0
"CD_I1022133","Annabel Johnson","WCE",0,0,-1,9,2,"LIVE",0,1,0,0,0,0,0,0,0,0,0,0
"CD_I1025526","Kayley Kavanagh","WCE",0,0,0,9,1,"LAST",0,1,0,0,0,0,0,0,0,0,0,0
"CD_I1025526","Kayley Kavanagh","WCE",0,0,-1,9,2,"LIVE",0,1,0,0,0,0,0,0,0,0,0,0
"CD_I1026165","Mackenzie Webb","WCE",0,0,0,9,1,"LAST",0,1,0,0,0,0,0,0,0,0,0,0
"CD_I1026165","Mackenzie Webb","WCE",0,0,-1,9,2,"LIVE",0,1,0,0,0,0,0,0,0,0,0,0
"CD_I1021397","Jayme Harken","WCE",0,0,0,9,1,"LAST",0,1,0,0,0,0,0,0,0,0,0,0
"CD_I1021397","Jayme Harken","WCE",31,51,1,9,2,"LIVE",0,1,6,3,2,1,0,0,1,0,0,51
"CD_I1026436","Tess Lyons","WCE",13,30,0,9,1,"LAST",0,1,1,2,0,2,4,0,2,0,0,30
"CD_I1026436","Tess Lyons","WCE",0,0,-1,9,2,"LIVE",0,1,0,0,0,0,0,0,0,0,0,0
"CD_I1026143","Emily Elkington","WCE",0,0,0,9,1,"LAST",0,1,0,0,0,0,0,0,0,0,0,0
"CD_I1026143","Emily Elkington","WCE",0,0,-1,9,2,"LIVE",0,1,0,0,0,0,0,0,0,0,0,0
"CD_I1021416","Beth Schilling","WCE",22,82,0,9,1,"LAST",0,1,4,3,0,1,0,0,0,0,0,82
"CD_I1021416","Beth Schilling","WCE",68,81,1,9,2,"LIVE",0,1,9,5,7,3,0,1,1,0,0,81
"CD_I1010656","Evangeline Gooch","WCE",2,45,0,9,1,"LAST",0,1,0,1,0,0,0,0,0,0,0,45
"CD_I1010656","Evangeline Gooch","WCE",0,0,-1,9,2,"LIVE",0,1,0,0,0,0,0,0,0,0,0,0
"CD_I1009893","Matilda Sergeant","WCE",0,0,0,9,1,"LAST",0,1,0,0,0,0,0,0,0,0,0,0
"CD_I1009893","Matilda Sergeant","WCE",0,0,-1,9,2,"LIVE",0,1,0,0,0,0,0,0,0,0,0,0
"CD_I1014764","Octavia Di Donato","WCE",0,0,0,9,1,"LAST",0,1,0,0,0,0,0,0,0,0,0,0
"CD_I1014764","Octavia Di Donato","WCE",0,0,-1,9,2,"LIVE",0,1,0,0,0,0,0,0,0,0,0,0
"CD_I1017342","Sophie McDonald","WCE",0,0,0,9,1,"LAST",0,1,0,0,0,0,0,0,0,0,0,0
"CD_I1017342","Sophie McDonald","WCE",0,0,-1,9,2,"LIVE",0,1,0,0,0,0,0,0,0,0,0,0
